w,h,l_11,l_12,theta_deg,theta_rad,num_solutions,solution_index,theta_11_deg,theta_11_rad
80,56,30,44,215.51705431093316,3.761482191925223,1,0,10.535590184290678,0.1838807373566685
80,46,38,47,165.32960110771216,2.8855458903384417,1,0,339.8791567268377,5.9320103437851515
77,67,39,39,7.410417946488881,0.12933619211510794,1,0,225.5434974009371,3.9364766361096253
43,51,45,38,65.45698819455622,1.1424399624340646,1,0,262.7626416256424,4.586073247605365
62,60,27,58,2.543869879098266,0.04439890513257482,1,0,213.21111544651555,3.7212359663914363
66,54,43,52,83.79768255490953,1.4625454661241852,1,0,282.45903066705296,4.929840087131709
44,64,22,57,162.17973070903548,2.8305702808704267,1,0,330.3431682782299,5.765575947924799
59,31,40,50,291.023045321926,5.0793103400482895,1,0,90.08973497684545,1.5723624975950505
50,53,17,56,86.76916776936422,1.5144076667907493,1,0,280.58786944738154,4.89718216301281
48,35,29,53,93.16079337600608,1.62596257818143,1,0,285.95247143245126,4.9908121307113005
81,31,17,42,74.85899863254797,1.3065360008838949,1,0,281.26600813552216,4.909017915906019
45,56,33,62,161.91148801311562,2.8258885626321995,1,0,332.0205670006965,5.794852078500587
51,63,29,67,331.8747246083221,5.792306648564669,1,0,171.1116842668157,2.9864622790889133
49,41,38,57,139.92382428821352,2.442131435811337,1,0,319.9673105185101,5.584483067299086
59,51,41,61,101.13642348745708,1.765163583547452,1,0,293.114220803546,5.115808237439537
70,42,16,61,355.2792971761862,6.200793499895842,1,0,196.74857747129653,3.4339104754892635
65,28,23,60,5.068736177430404,0.08846613521111205,1,0,203.19725574531742,3.546461143772753
58,35,48,41,333.46831626480565,5.820120069902617,1,0,156.64268258230803,2.7339305602176487
69,34,24,44,161.80224268975323,2.8239818720471197,1,0,339.24976053978787,5.921025308021633
74,50,39,58,319.39658732747756,5.574522068498079,1,0,131.78062044393346,2.3000057170675903
42,62,29,39,273.88261750208306,4.780153439391597,1,0,73.27974197876732,1.2789727725413944
67,41,42,45,255.83864028688348,4.465226626831527,1,0,47.93820512288357,0.8366795168907313
67,40,47,68,250.38579111340587,4.370056455139691,1,0,43.32306904028925,0.7561301968218672
78,50,30,65,82.36733957698408,1.4375812717266057,1,0,284.7160158076598,4.969231909003886
73,34,37,64,334.6911548433263,5.84146262931821,1,0,154.37185880563084,2.6942972085820593
47,55,43,56,321.321239456392,5.608113585103155,1,0,149.5374685896143,2.6099211819863704
52,55,40,69,97.96760977846871,1.7098573509432715,1,0,288.92199911139426,5.042640165937961
68,40,18,42,183.86902892792367,3.2091199472369674,1,0,352.92628783512595,6.159725739564158
50,64,48,60,339.4474934085069,5.924476397620194,1,0,183.32670364784065,3.1996545854827185
73,59,39,48,90.6416264971311,1.581994821737872,1,0,288.47741270922006,5.034880669410425
43,30,32,38,180.96444836239013,3.1584254529789684,1,0,352.5427714709955,6.153032116274804
64,64,47,69,228.36648409249096,3.985747048617222,1,0,18.864303130559875,0.32924420072254357
43,53,47,42,87.13989774414016,1.520878125486425,1,0,279.06970572837577,4.870685207531837
45,38,32,60,169.30822840057382,2.9549860363085863,1,0,341.67303110323195,5.963319358020391
75,33,37,47,293.9154743589782,5.12979275012514,1,0,86.06234605804501,1.5020713007036484
57,60,24,42,250.49261044471746,4.371920804175857,1,0,40.43723832330376,0.7057629491552818
44,47,34,62,184.35350098774117,3.2175755798147017,1,0,350.61230869934866,6.119339184822391
60,47,47,43,62.771914441796916,1.0955765847895347,1,0,265.42732813064583,4.6325808006511355
74,67,33,37,243.24844213414107,4.245486215587664,1,0,28.45083205844012,0.49656069435173583
66,50,46,66,250.4823837642296,4.3717423149297945,1,0,41.06076007729976,0.7166454567203222
48,43,41,38,358.65133191285275,6.259646608542293,1,0,198.49300090002498,3.464356407869504
53,32,47,45,100.39368693318548,1.752200385200495,1,0,293.07378877449753,5.115102565409379
60,43,18,56,319.3511127354422,5.5737283871410614,1,0,135.31083949184452,2.361619662770258
74,51,26,44,282.7226344010197,4.93444084020998,1,0,71.09166300032571,1.2407835900739141
81,47,40,61,1.8221701846387273,0.03180286925361879,1,0,211.9064572039037,3.6984653844445763
59,29,31,69,6.507130901587512,0.1135708590909692,1,0,204.4440831024794,3.568222386359169
55,48,35,44,305.72042777790404,5.335828055329957,1,0,115.6797415298182,2.0189923675513497
58,60,27,58,95.47285236542116,1.6663156200470557,1,0,288.2017915630648,5.030070172921895
71,65,23,63,156.38197158375434,2.7293802948967243,1,0,329.45566161192477,5.750086034464376
62,57,48,64,240.81266147871585,4.2029738232941085,1,0,31.42604367358874,0.5484879329796577
74,32,34,40,8.753747915323382,0.1527817230119828,1,0,212.66535818036022,3.7117107051803426
58,55,45,65,100.64172304683309,1.7565294320474967,1,0,292.1655699969528,5.099251157412786
47,62,39,65,154.14629339423317,2.6903603494745543,1,0,325.57988343208876,5.682440944149285
72,62,48,57,68.72797121412457,1.1995293859023584,1,0,273.2200741861157,4.768589877090886
74,30,33,61,142.08892805141,2.4799196251264353,1,0,327.2401379623492,5.711417852123481
44,67,39,68,241.6116660566582,4.21691908391771,1,0,32.549806677591775,0.5681012974116129
64,29,42,38,116.11827512589618,2.0266462226835213,1,0,307.64307504899665,5.369384580565007
81,60,24,65,106.74365171320746,1.863028177997556,1,0,300.5234816867438,5.245124234990562
67,62,40,60,328.76659892032967,5.738059621743387,1,0,162.3610221751419,2.8337344138597516
48,63,35,37,25.538730119973955,0.445734927371792,1,0,233.05437562531668,4.0675661908413945
57,41,27,59,9.942037874533693,0.17352129526859184,1,0,213.36535606600094,3.723927973041772
75,29,47,59,241.9294087062718,4.222464739327478,1,0,37.373219856872524,0.6522857385741495
66,49,37,42,109.17558528236022,1.905473425969049,1,0,300.40304032763385,5.2430221367185155
78,60,23,41,164.61545818094228,2.8730817449364783,1,0,336.3608759347471,5.870604759953497
47,59,45,52,351.30674860651243,6.131459447659643,1,0,196.34993266350384,3.4269528110473013
71,46,32,55,158.029711454029,2.758138780849402,1,0,334.3169325943906,5.834931218940064
67,64,41,59,154.1932109784388,2.691179215796024,1,0,327.7818481437738,5.720872478380916
53,28,16,68,197.72159929420337,3.4508929099927452,1,0,6.036374844457761,0.10535461592034852
66,67,16,52,186.01065267356398,3.2464983329372847,1,0,347.8060762326535,6.070361188702199
46,49,44,39,89.18315622041669,1.556539713366733,1,0,281.5288817597331,4.91360592616515
57,64,37,65,41.786150582489846,0.7293059093985942,1,0,249.21340678585918,4.349594488525222
46,57,20,48,6.177996659430085,0.10782638288426577,1,0,212.3464491221887,3.7061446921008154
67,48,48,66,233.91852575139478,4.082648455772982,1,0,27.468694832013263,0.4794191660441821
51,32,46,46,225.3095696571251,3.9323938267683443,1,0,27.051685251835256,0.47214097585771664
73,28,20,40,221.70641918036898,3.869506987504147,1,0,22.62830024146714,0.39493834334342953
57,29,43,68,338.4828869129847,5.907640838287208,1,0,161.91222224720045,2.82590137743446
65,39,48,69,292.03350362496104,5.096946164390366,1,0,88.44141367616392,1.5435938637674023
78,39,18,37,346.02860297660914,6.03933842801808,1,0,179.41589432128603,3.131398086316638
51,56,28,48,36.2800804958736,0.6332068575415712,1,0,241.90633539947603,4.222062034154569
43,62,38,53,236.06014873706718,4.120026828209356,1,0,28.996103916119985,0.5060774835867154
70,53,25,62,122.62484500712641,2.140207290122085,1,0,309.626443580158,5.404000891714217
48,31,26,65,14.107077603232652,0.24621495201076002,1,0,212.4450839601321,3.7078661947800993
66,48,25,45,204.667302149985,3.5721182936913074,1,0,5.518282411905272,0.09631219714264093
76,62,33,68,122.68927449108642,2.1413317967525485,1,0,309.42051511050147,5.400406761895117
73,64,27,49,266.3671537610548,4.6489838522964035,1,0,50.34103065040989,0.8786167336970351
76,57,32,56,297.524687798787,5.192785408057033,1,0,90.16136965586395,1.5736127586025326
63,40,34,48,345.0749388779514,6.022693849538439,1,0,178.51695125760833,3.1157085700674974
60,39,24,43,344.4483186455243,6.011757263322973,1,0,176.97026636756365,3.088713826245371
72,46,31,41,105.55587781130323,1.8422976126400672,1,0,299.5615638804194,5.22833560213664
66,48,38,52,284.26253140603944,4.961317113089174,1,0,77.23727251464652,1.348044710640702
80,41,46,41,265.33280044476317,4.630930981298192,1,0,52.88257305611024,0.9229750167555637
70,38,33,48,247.69080366301407,4.323020050830427,1,0,40.84014905734546,0.7127950680559367
58,65,22,49,80.12751032557098,1.3984888766069672,1,0,277.43844777630164,4.842214385318804
50,54,17,41,184.79742072926146,3.225323440918833,1,0,349.3812618918351,6.097853364785115
79,46,23,37,316.92958870983006,5.531464819977982,1,0,121.9195869036689,2.127898214140381
58,34,40,40,126.07856881211286,2.2004861419736055,1,0,312.835991450537,5.460018069552702
72,46,42,46,326.28757863410493,5.694792555525034,1,0,145.06560258503106,2.531872396498389
80,30,28,64,205.73028907380382,3.590670915417592,1,0,10.319753116495589,0.18011366987579397
61,55,23,37,245.17419375488723,4.2790969219453014,1,0,36.028854498609626,0.6288221367227087
69,52,48,42,288.75932964962425,5.039801048237627,1,0,81.30704700841756,1.419075675370692
73,48,31,57,357.4673266029481,6.238981817523361,1,0,203.90596336767499,3.558830425216873
78,63,34,56,27.156436952316934,0.47396923792818485,1,0,243.54899283226703,4.2507318148391295
55,42,46,37,225.92090883026282,3.9430637081860174,1,0,24.264406352742242,0.42349378189718073
44,43,38,47,101.14674825320292,1.765343784704214,1,0,290.3265865579845,5.06715484151314
73,43,23,48,38.432183736918375,0.6707681449406439,1,0,248.87117973157794,4.343621499638613
49,55,41,44,127.20680208937901,2.2201775273924658,1,0,308.59265041952386,5.385957797276552
69,55,42,53,100.71486258082047,1.7578059577289507,1,0,294.658941737285,5.142768703757763
61,40,43,65,47.94664508054989,0.8368268219407374,1,0,253.0533577542247,4.416614276038344
76,33,33,41,220.82947053688434,3.8542013463044418,1,0,20.446015162095556,0.3568502834912496
43,37,45,41,9.49211081901072,0.16566858675591264,1,0,208.20221608865856,3.633814180695802
74,28,33,68,354.70297823958157,6.190734836910498,1,0,188.04803736759715,3.2820574039779005
52,48,41,61,349.16918321325716,6.094151893570651,1,0,188.77793834932933,3.294796579322666
68,40,48,37,4.921907337719023,0.08590348852126543,1,0,209.32901915132854,3.6534806041609493
47,55,32,41,359.898362383007,6.281411396119178,1,0,204.87349072725317,3.57571696324464
79,30,38,46,305.87306064386814,5.3384920013877855,1,0,99.67982427683948,1.7397411314402247
58,48,29,45,46.497389454538194,0.8115325395637817,1,0,251.66040808103006,4.392302717926519
54,31,16,68,16.88272840483917,0.2946591973844137,1,0,217.2218475718344,3.79123644739376
72,35,41,39,187.25886040031762,3.268283667517969,1,0,356.56365516478917,6.223209775571255
53,28,20,66,315.5952969570042,5.5081770357089646,1,0,126.57015846722646,2.209066000024081
58,50,30,57,230.17008851072723,4.017225884118962,1,0,25.110422401501296,0.4382595474727391
52,66,33,66,199.73361907520123,3.4860092797864133,2,0,0.0,0.0
52,66,33,66,199.73361907520123,3.4860092797864133,2,1,357.1589227920205,6.233599155596977
75,65,48,60,327.76966022517826,5.7206597590724595,1,0,160.39662825587922,2.799449272162462
71,44,20,65,52.946453134453655,0.9240899344490883,1,0,260.810067174514,4.551994394542854
58,37,32,56,165.28887224577406,2.8848350375970315,1,0,340.0687637844454,5.935319611225425
75,33,17,49,75.2870847882651,1.314007513783364,1,0,279.75028973333366,4.882563639254762
52,50,31,67,144.1081760077013,2.515162150377885,1,0,321.6812841372439,5.614397550238312
57,35,19,40,124.44022199659076,2.1718915957531806,1,0,311.30362727715686,5.433273269387618
44,59,18,63,240.32078586756975,4.19438897436935,1,0,33.864762953477964,0.5910516139455898
60,48,20,54,100.2925220515051,1.750434724927782,1,0,293.0450070876163,5.114600230209023
63,48,21,37,192.39246134370828,3.357881906463623,1,0,356.78531500970064,6.227078469684421
53,53,29,62,248.5421383065715,4.337878643396796,1,0,41.57675948908785,0.7256513453943784
50,53,37,66,56.511965777829744,0.9863198695974873,1,0,257.8489730011395,4.500313551755848
58,53,16,44,269.37348853811704,4.701454292573349,1,0,61.89720521406345,1.0803100287680087
56,49,29,62,273.58394721753086,4.774940659548292,1,0,68.44890727926652,1.1946588014155146
55,51,17,62,13.205953040615244,0.23048736142249246,1,0,220.017486481855,3.840029551070485
48,30,38,54,161.06845205644368,2.8111748094755735,1,0,337.73961441123095,5.894668285892069
76,42,40,64,7.2256311999814935,0.1261110549745059,1,0,215.58858768763588,3.7627306848737545
58,66,37,62,192.72080304558847,3.363612550233034,1,0,352.2836205001685,6.148509078574134
66,44,28,56,170.6291789150002,2.9780409720412395,1,0,342.7906237017319,5.982825028560134
51,30,33,58,211.2628024875165,3.6872314903976293,1,0,16.15484925222536,0.2819553096146764
49,67,34,42,323.8730629722044,5.652651307383899,1,0,160.23608548821437,2.7966472722764464
75,33,48,58,81.11980717651016,1.4158077238130273,1,0,284.1801920883946,4.9598800208924265
47,31,45,47,31.639544834451797,0.5522142311935481,1,0,231.50954055946573,4.040603732542032
71,58,39,45,28.884148438191193,0.5041234918812142,1,0,241.91688096116337,4.222246088927485
72,67,39,67,322.7796946706475,5.633568430584792,1,0,151.0857768170182,2.636944258390286
61,55,26,40,1.90800230313795,0.03330092232539216,1,0,210.20718346056867,3.6688074627306912
71,65,17,51,192.6132235361678,3.361734933585963,1,0,352.8830197967026,6.158970569832792
67,32,21,62,116.52452510552773,2.033736622414252,1,0,308.06756439755344,5.376793317336969
60,47,48,56,87.26750366942889,1.5231052690277673,1,0,283.82750950199727,4.953724548545344
42,53,29,47,335.5251632124963,5.856018821349415,1,0,171.91918448968215,3.000555816688521
54,30,48,42,121.17754014981142,2.114947055081832,1,0,309.1632776737201,5.39591712166389
51,32,38,46,356.38568366038027,6.220103586844592,1,0,190.7583421563948,3.329361146274989
54,67,17,56,91.67063571495498,1.5999544206222704,1,0,284.22858489586577,4.9607246347170815
78,36,32,45,214.42994661882395,3.74250858337416,1,0,14.981051762172207,0.2614686786616035
65,65,45,67,334.6304919292173,5.8404038617331535,1,0,176.12548865590486,3.073969673729462
55,38,24,48,136.52229058696813,2.382763473107056,1,0,319.06718545636056,5.568772921284858
42,67,37,65,50.318055585464215,0.8782157431678735,1,0,251.91257152588483,4.396703800292406
78,41,45,57,67.10579524373188,1.1712170741722718,1,0,274.092724536014,4.783820498915291
60,41,41,40,113.83076962673806,1.9867217200657359,1,0,303.4228453926578,5.295727677871585
66,45,23,50,323.8802803051823,5.652777273607576,1,0,142.161848164179,2.48119232118518
79,60,38,51,207.89505752620525,3.6284532524552993,1,0,4.373719908874945,0.07633581296989415
58,60,17,50,23.982880460694112,0.4185802281513267,1,0,233.8715812484587,4.081829119631035
81,66,21,42,119.81368292849434,2.091143256042748,1,0,307.93527838709167,5.374484490900083
49,42,44,69,192.04599311147575,3.351834895057601,2,0,0.0,0.0
49,42,44,69,192.04599311147575,3.351834895057601,2,1,357.9404672626791,6.247239679860725
80,54,44,69,254.51296604764525,4.4420892465479485,1,0,40.24619309022998,0.7024285808179045
68,60,19,58,257.0630696005011,4.486596949812088,1,0,43.850602671515304,0.7653373956017635
46,37,48,49,39.827425303874605,0.6951197041447149,1,0,240.50229673034113,4.197556936552846
77,51,30,65,194.34982936062121,3.392044423031986,2,0,0.0,0.0
77,51,30,65,194.34982936062121,3.392044423031986,2,1,357.55675600564655,6.24054265504854
70,31,27,38,4.393106034496026,0.07667416469118724,1,0,204.7833529488066,3.574143762230314
77,63,41,63,124.45055766141101,2.1720719871346765,1,0,310.55406998206917,5.420191026655995
52,37,21,44,152.49487047137382,2.6615375821277505,1,0,330.28587812165904,5.764576046063655
67,39,41,49,50.081829891502274,0.8740928270304291,1,0,256.783519066915,4.481717872575304
59,52,48,48,36.79655912107185,0.6422211100674546,1,0,244.1347351900213,4.260954947550336
45,32,23,64,134.7967330993519,2.3526468135157117,1,0,317.2460792638172,5.536988622196518
50,56,29,58,327.84703137205673,5.722010140331532,1,0,160.47296942871338,2.8007816769832523
42,64,36,62,302.0033111205363,5.270952130978164,1,0,120.90325169679706,2.1101598184765296
64,28,30,57,136.55005141879758,2.383247991025572,1,0,322.41180781651605,5.627147593705395
50,37,41,61,310.8665306206645,5.425644493582367,1,0,123.4363078029089,2.154369987665928
79,29,22,54,173.1013121120665,3.0211878358778996,1,0,348.63160211937253,6.084769333485892
68,44,39,61,179.4123981862127,3.131337067248514,1,0,348.9044819831957,6.089531985571999
47,51,48,65,209.01180610009564,3.6479441919866376,1,0,8.627099406436544,0.15057128953916618
63,53,43,57,185.46252566645254,3.2369317119440875,1,0,350.6805628164282,6.120530443893472
58,47,35,58,30.725880508311786,0.5362677804443896,1,0,237.44171550067307,4.144139717070401
81,34,16,68,24.147531859833894,0.4214539371843313,1,0,235.57557605993887,4.111569439528264
64,46,47,66,68.64757943891996,1.198126284733515,1,0,271.1255225265461,4.7320330542782845
70,57,31,55,23.655110194206852,0.4128595578109848,1,0,236.63280543613982,4.130021573091776
55,29,43,66,201.47051927095842,3.5163239069809102,1,0,8.56064285231793,0.14941140386026655
45,28,23,65,27.18121096940012,0.47440162609523173,1,0,225.44533815188973,3.934763434022464
44,59,25,46,323.0749475347983,5.638721565190168,1,0,155.4640820054898,2.713360099586266
75,60,38,64,302.32398940436536,5.276549022870626,1,0,99.45388327671786,1.7357977170728534
48,56,23,37,198.6201342933623,3.466575304172473,2,0,0.0,0.0
48,56,23,37,198.6201342933623,3.466575304172473,2,1,359.0701853016837,6.266956979260529
44,51,38,44,37.479089514446585,0.6541335126767758,1,0,240.13347878783046,4.191119849115603
78,30,48,64,85.74580117682154,1.4965465502959645,1,0,288.6762323143501,5.03835072613746
75,62,47,60,260.0160954680373,4.538136974097157,1,0,44.12845650182043,0.7701868597798656
57,31,36,50,105.53318289396478,1.8419015116090431,1,0,298.0413045773072,5.2018020718132565
59,34,25,43,264.92566075056084,4.623825053118798,1,0,60.55210685284779,1.0568336336016155
62,46,34,65,151.71283821329928,2.6478885443675435,1,0,329.0740124697621,5.743425000346226
43,28,20,56,120.91170857394063,2.1103074188271216,1,0,306.997428113326,5.358115915732142
43,30,38,48,299.0356223634899,5.219156190993286,1,0,107.9805652501051,1.8846163917789083
78,65,45,45,157.005550488714,2.7402637999342514,1,0,330.615168796172,5.7703232525300185
76,49,39,53,312.6484713232486,5.456745225917761,1,0,116.31525516458626,2.030084172919369
64,59,32,53,96.7238493785806,1.6881496368593025,1,0,290.4984260085559,5.070154005710429
81,29,40,45,50.168186666216684,0.8756000370805986,1,0,260.9904054909308,4.5551418919318305
45,53,44,59,245.94618832037332,4.292570768920537,1,0,41.02667441489372,0.7160505496836135
47,45,36,53,145.88931168996794,2.5462488324581933,1,0,323.16578564387004,5.640306989279756
79,39,38,58,49.27882682477062,0.86007777961235,1,0,260.09636319427204,4.539537910203043
72,33,42,48,227.9153028086811,3.977872449691365,1,0,26.101711833891258,0.45556081190816966
48,37,32,62,145.57734055764877,2.5408039090280488,1,0,324.7169049429063,5.667379128139165
43,28,41,65,140.14642105511157,2.446016482298002,1,0,321.7539272608031,5.615665411923354
81,38,39,58,263.72595499569013,4.60288623764118,1,0,51.83641002210551,0.9047160272995278
74,63,35,55,214.22805505209175,3.738984910802673,1,0,8.063423075937832,0.14073328165640392
58,61,24,62,170.72543113213305,2.979720890142552,1,0,338.36537179535225,5.905589812563654
50,36,32,37,178.37687383423145,3.1132637578218607,1,0,349.2841776196866,6.096158924584222
81,52,18,66,1.8913746810185694,0.033010715572631535,1,0,214.39597110187216,3.7419155987382844
53,46,32,46,248.6016836804306,4.338917906224968,1,0,43.55402435245454,0.760161127444123
53,43,39,55,263.600959107442,4.600704647839796,1,0,59.45372408857277,1.0376632379178596
62,44,38,52,305.710434563515,5.33565364083601,1,0,110.87226949981135,1.9350861519301945
66,45,40,48,79.6353990550568,1.3898999146503221,1,0,279.9358381498629,4.885802070045059
67,53,47,46,211.77495250917517,3.6961701945397336,1,0,9.285078441899508,0.1620551901170914
58,50,41,57,170.35564250928002,2.973266861137351,1,0,340.61540535927975,5.94486030653457
48,41,30,43,107.04564265411827,1.8682989142276454,1,0,295.86694016847196,5.163852253740902
49,50,44,54,268.2232373232793,4.681378621649366,1,0,64.78435811268265,1.130700352857412
80,62,33,53,234.06024615956213,4.085121943512772,1,0,22.038993012872467,0.3846529918986496
65,62,18,62,260.9160377503541,4.553843930001498,1,0,47.9460678319859,0.8368167470526934
80,42,19,65,238.19586302899495,4.157302074485395,1,0,30.469508282120454,0.5317932409866832
54,45,48,52,153.65414039575117,2.681770659227481,1,0,329.64360899726205,5.7533663351590265
43,62,45,49,190.4173682497963,3.323410028941458,1,0,351.094790499668,6.1277600808189145
73,59,44,65,13.534838354253912,0.23622749300694143,1,0,228.15476267924493,3.982051812859103
57,37,45,61,121.09336697823193,2.113477956095924,1,0,308.57672427248133,5.385679833573503
61,32,16,66,1.2046903354725202,0.021025812820950517,1,0,198.8379870152873,3.470377551454496
55,57,19,54,84.09879037796757,1.4678007890400606,1,0,279.759932872705,4.882731943787021
66,28,30,45,39.40833552448145,0.6878052076328478,1,0,245.1477009283033,4.278634534893252
65,31,27,42,353.63898542882936,6.172164659145324,1,0,187.32222388805383,3.269389569004513
65,38,28,61,267.6070162417047,4.670623534855689,1,0,60.459792476521464,1.055222443787796
45,35,35,65,233.87279363725267,4.081850279807304,1,0,34.63252979745692,0.6044516732606681
51,61,41,39,297.4340504858277,5.191203488520733,1,0,106.32119600169173,1.8556549348877514
46,32,38,45,333.99082195027665,5.829239514474477,1,0,158.4698821199675,2.7658212082407245
76,45,32,60,323.07701329663337,5.638757619535752,1,0,135.92990386330834,2.3724243743340905
76,65,28,61,213.45837654301315,3.7255514866374106,1,0,6.930189652147333,0.12095462721761147
55,64,26,39,98.26537494827338,1.715054333554123,1,0,289.10342186035126,5.04580659024528
70,36,18,61,306.7896720049228,5.354489887599376,1,0,106.68477186184651,1.8620005307282228
50,42,40,41,264.67655562844294,4.619477348554259,1,0,61.89544704026794,1.0802793428464548
75,51,30,44,250.45714542591003,4.371301822828386,1,0,38.7506741851713,0.6763268518988099
67,45,21,49,322.0127751485043,5.620183159825572,1,0,138.105729216394,2.4103996906938034
54,44,47,65,326.34493900004884,5.695793682770903,1,0,150.35036709359437,2.624108937365359
44,67,42,49,96.13017726099167,1.677788103730089,1,0,284.9325530289629,4.973011196468745
47,51,34,52,237.04266047703317,4.137174893011261,1,0,32.59533748103417,0.568895959842761
74,40,40,63,270.97799024075084,4.7294581301381635,1,0,60.33505351298671,1.0530453381685894
48,32,46,59,1.8522614716973163,0.03232806128895393,1,0,197.70945167395152,3.4506808940230687
73,57,46,54,294.46812868286236,5.1394383877023015,1,0,87.1375547762615,1.520837232982674
55,40,44,48,2.2989138180600888,0.04012361534474243,1,0,202.99238155448649,3.542885414590394
73,40,42,53,41.70378844089276,0.7278684188487312,1,0,251.47409205795145,4.389050889874576
75,51,21,55,273.97004490073004,4.781679335354441,1,0,60.76731463233548,1.0605897179295816
51,59,43,51,335.5301179836063,5.856105298418967,1,0,174.61704597623535,3.047642382391623
70,49,19,56,247.63886002829284,4.322113463379088,1,0,37.962187488819175,0.6625651629392927
45,54,32,48,24.246216528757813,0.4231763095782942,1,0,229.10684315771698,3.9986687519524033
51,28,37,62,26.889990392827446,0.4693188681844823,1,0,226.86314253297226,3.9595087886215543
59,41,44,48,269.8746594274529,4.710201374707408,1,0,64.41867738834402,1.124318020206625
76,39,22,65,7.9644785504390105,0.139006373909626,1,0,215.288492450222,3.7574930349113282
47,42,47,47,245.98633557834188,4.293271470757736,1,0,43.6046833684799,0.761045294069586
67,61,44,40,153.42526880495026,2.677776096403728,1,0,327.85844901326317,5.7222094157633965
54,66,30,65,249.7256012813359,4.358533968881882,1,0,38.60856434177858,0.6738465672321136
73,29,29,56,235.6240371412087,4.112415244955499,1,0,32.82397906824131,0.5728865083465113
68,30,32,64,263.2572241105268,4.594705340389293,1,0,56.86649193651109,0.9925075183509247
57,64,35,42,273.633868237715,4.77581194571646,1,0,65.18735804597938,1.1377340285787574
46,30,16,51,268.5013243311472,4.68623215554368,1,0,69.5514051598756,1.2139010194284023
76,52,39,48,202.59010308361775,3.5358643307638467,1,0,2.8537423131420234,0.04980719936780735
57,54,23,61,312.7043404640199,5.45772032637448,1,0,129.22853173853997,2.2554633663555146
49,42,42,43,225.43931578730954,3.934658323931784,1,0,24.635651733452633,0.42997323612339694
65,30,35,51,173.348046544518,3.0254941641022186,1,0,347.88955264511526,6.071818126947409
55,34,32,56,154.91012216380656,2.703691676425067,1,0,333.04371646838933,5.812709405451855
79,49,17,60,155.96882962979603,2.722169607522029,1,0,333.16732130826074,5.814866716879012
54,44,23,57,26.080879606041194,0.45519722094166043,1,0,231.05166685229247,4.0326123287935465
59,58,47,47,250.19347900555533,4.366699975666249,1,0,40.23865601153883,0.702297033978762
74,65,23,47,172.98250101281843,3.019114191008107,1,0,340.2943135815861,5.9392561978127345
65,44,27,68,6.6123492985944,0.11540726655240993,1,0,212.4967734703379,3.7087683469219335
63,55,35,69,201.47352605528906,3.5163763852673773,1,0,1.428947282062479,0.024939834909414364
73,60,17,69,31.63193969214001,0.5520814964201246,1,0,245.27170721356774,4.280798852864284
54,57,48,49,28.28825897580747,0.49372325878467926,1,0,235.96949656733622,4.118444649373474
63,66,17,62,248.20738888941568,4.332036163898295,1,0,35.06280354627762,0.6119613668624885
56,61,26,39,322.6396689666138,5.631124521011981,1,0,152.4959279598278,2.6615560387830746
50,33,24,67,194.86668070838536,3.401065180793841,1,0,2.551382537199832,0.04453002575202378
53,35,23,64,288.622109905125,5.03740611189737,1,0,89.85299827112793,1.568230662619955
48,38,35,52,197.13325541534505,3.4406243721727128,1,0,2.952509936041204,0.05153101958176621
63,53,18,50,29.38679353101225,0.5128963037199341,1,0,238.9139579558771,4.169835195301356
53,50,27,49,172.54041428746342,3.0113983220713028,1,0,341.7508886499957,5.964678228558944
60,63,23,65,284.2914625712925,4.961822057179279,1,0,78.75248179792881,1.3744901014907613
73,45,21,54,235.17468692543886,4.104572604195768,1,0,28.407523635051717,0.4958048197697605
78,59,18,64,71.83528233449225,1.2537621958366083,1,0,277.0175747725199,4.834868765670054
76,56,30,69,302.562866259696,5.280718210502957,1,0,98.7652122655987,1.7237781404657857
71,48,46,60,153.17760040130713,2.673453467306997,1,0,330.7044825620132,5.771882071811303
45,55,35,60,195.5881884107838,3.413657865779193,1,0,357.0074451387107,6.2309553718035255
73,63,17,51,324.25267104405305,5.659276718104805,1,0,151.26716129796088,2.6401100147947565
47,66,27,39,224.2679700828538,3.9142144847099387,1,0,16.580254134196828,0.2893800254591364
81,48,30,69,47.364366645813526,0.826664146091229,1,0,259.70743627743184,4.532749854954551
49,63,45,59,227.7145919614702,3.9743693845630674,1,0,20.260842585581006,0.3536184123466696
55,41,17,41,24.887803027182997,0.4343741064121551,1,0,229.3942176704429,4.003684383385785
55,66,40,56,213.46230651657388,3.7256200776155617,1,0,7.387731305829308,0.12894023553938158
47,44,40,64,92.9280357724059,1.621900191639555,1,0,284.8680066469144,4.971884649581749
78,32,16,48,47.11451785860594,0.8223034621223418,1,0,257.3601954136812,4.491782773544747
64,58,26,46,26.458829038804556,0.461793682949426,1,0,237.5211454218611,4.145526030719732
55,43,25,65,121.32114351526306,2.117453406625908,1,0,307.4253830891424,5.365585139110431
71,28,20,56,211.6383735997393,3.6937864428812945,1,0,15.475849718850945,0.27010453213778773
53,28,35,64,13.201713696075469,0.23041337090214695,1,0,211.3919824788036,3.689486106573287
78,64,27,64,311.1178239627008,5.430030389789241,1,0,116.83310789174497,2.0391224080487205
47,47,29,38,44.269491070665616,0.7726483773653448,1,0,246.3116942818226,4.298950051383494
78,47,41,65,230.40106806128895,4.0212572377810405,1,0,23.629019481749737,0.41240418897441705
76,33,20,69,182.60453112782128,3.1870502972409556,1,0,353.95531991381733,6.177685737445964
55,39,35,60,246.94838495387427,4.310062399927531,1,0,43.32860699690913,0.7562268523987168
75,52,44,67,91.52084876309758,1.5973401451358324,1,0,290.0976166267391,5.063158562324843
64,65,35,59,10.790492354164062,0.18832961949143695,1,0,224.35270403145816,3.9156933711013004
57,35,36,37,263.0986109535155,4.591937018562463,1,0,59.1856688547783,1.032984791510943
70,59,20,58,91.91034890223547,1.6041382050007646,1,0,288.63376317867073,5.037609499889379
42,53,25,66,178.98291504303384,3.1238411723182287,1,0,344.8785924544426,6.019266957973695
58,53,23,48,40.71953486756629,0.7106899533196649,1,0,247.3428840877643,4.316947708710178
66,31,48,37,77.64305486317818,1.3551269486690547,1,0,279.07323523564787,4.870746809054709
57,41,20,62,125.48652020710936,2.190152944484455,1,0,311.0657378672674,5.42912131592942
43,33,24,69,146.48686586023342,2.556678120188349,1,0,325.50029294623636,5.681051828117899
54,36,28,67,265.84171533047754,4.639813221666318,1,0,62.838538702069,1.0967393974929882
45,61,19,55,290.8245390988531,5.075845752869969,1,0,98.3356317242618,1.7162805456169572
59,40,38,55,312.8042251946055,5.459463643795667,1,0,123.23682187082741,2.1508883013396964
42,51,22,61,118.21724203862917,2.0632801062011326,1,0,301.4290465383687,5.26092932324175
42,39,22,51,250.36819440835038,4.36974933469897,1,0,50.07018175273045,0.8738895286571317
70,52,48,68,134.37064498656244,2.345210173043926,1,0,317.4875794771319,5.541203596063128
79,53,26,44,240.55660747980585,4.198504837950231,1,0,29.528229014987932,0.5153648185944615
51,29,24,39,195.25091939270578,3.4077714109487633,1,0,3.9199277300803588,0.06841564533012982
49,29,21,64,9.231143690316848,0.1611138511207288,1,0,205.9732314952675,3.594911060564901
67,52,27,41,143.57620112288419,2.5058774370999086,1,0,323.1036482662308,5.639222487451395
78,42,30,59,292.67486593779364,5.108140048447501,1,0,82.56231598152414,1.44098425194953
62,50,31,51,87.65362676746774,1.529844388406546,1,0,284.4194395563935,4.964055676936067
52,42,19,57,172.50596259969598,3.0107970266868915,1,0,343.58337093881784,5.996661077983372
60,61,29,40,92.43956437938286,1.6133747575294994,1,0,286.52876977212816,5.000870434212439
68,56,43,44,112.07077169616132,1.956003961348885,1,0,301.89302191449286,5.269027221203295
77,57,33,38,98.14464026407215,1.7129471157934562,1,0,294.49207270989774,5.139856289810255
45,53,40,66,65.21376583248491,1.1381949314014426,1,0,263.20245718195054,4.593749477164432
72,37,28,67,255.25665422007575,4.455069053765,1,0,47.07640877450805,0.8216383331299143
77,47,19,43,293.6695116615411,5.125499891217776,1,0,84.10037870182926,1.467828510521035
54,49,36,58,213.67388488433298,3.7293128167589535,1,0,12.520957709157432,0.21853193752776376
67,36,30,46,62.91843941785578,1.0981339280581677,1,0,267.4588432675223,4.668037428593733
49,51,31,62,92.03219921133802,1.6062648940891773,1,0,284.25509280610703,4.961187285028615
45,51,34,46,291.430791276639,5.08642684946972,1,0,98.47529123069219,1.7187180638358777
60,63,25,69,152.6201326487887,2.6637238195518576,1,0,326.07929321428026,5.6911572891651945
46,62,48,57,34.45723998725823,0.601392288927505,1,0,239.90163164865697,4.1870733531756965
78,42,43,43,196.8110685770652,3.435001151038139,1,0,1.3889100520235824,0.024241053421857242
51,36,29,49,214.01148066702228,3.735204974707729,1,0,16.688726527605546,0.2912732258716371
66,29,22,57,243.30284823145536,4.246435781118959,1,0,40.19777426296108,0.7015835128621077
80,38,39,55,217.15898767681398,3.790139335258196,1,0,16.25461291857106,0.28369651406626994
79,59,48,39,144.42764905403376,2.520738006907763,1,0,323.98577034501875,5.654618422130782
74,33,19,49,186.86152472697734,3.2613488517825524,1,0,356.802082677333,6.227371120692485
43,32,42,68,194.40428925762382,3.3929949275449784,1,0,2.553794265497716,0.04457211835148537
79,35,18,39,68.51695061486441,1.1958463816557372,1,0,275.6260385121523,4.810581876265751
43,50,17,53,358.37297665353253,6.254788392776913,1,0,200.38698992722695,3.4974127523908227
64,57,23,58,202.42685371604753,3.533015091797948,1,0,1.5735877424765994,0.027464287175241287
77,32,28,65,248.4017606954397,4.335428591886462,1,0,41.396374233922224,0.7225030287696881
57,57,31,48,125.12574872603355,2.1838562942923856,1,0,308.36280556414175,5.381946247781364
53,35,35,39,333.78401501260294,5.825630052496104,1,0,158.2615891941232,2.762185810876129
64,55,20,56,333.7203484527463,5.824518861403187,1,0,167.86234788072844,2.9297506606468366
42,57,36,56,224.49084768099348,3.9181044326264134,1,0,20.159321030669055,0.35184652695171176
59,35,47,69,219.05510855752487,3.8232328876424155,1,0,20.22993608059842,0.3530789920744394
53,65,29,69,81.84862803459556,1.4285280474438278,1,0,277.38755041984575,4.841326058868088
43,48,17,63,86.05991959101561,1.5020289508647944,1,0,278.4703503089095,4.8602244820724785
42,38,18,59,339.2593268768039,5.921192272099919,1,0,169.6884943518676,2.9616229291918907
59,33,37,51,357.17688533639256,6.233912661138304,1,0,193.22986708819923,3.3724973938801046
78,39,33,66,316.070755360225,5.516475350301443,1,0,118.41466917397199,2.0667258597456453
71,41,21,39,284.4109570705421,4.963907629629206,1,0,75.85781836190762,1.3239686937950994
55,36,30,57,8.241776991403288,0.14384614471509977,1,0,208.84738462473663,3.6450744958806363
68,29,33,50,351.2196723095694,6.129939679577542,1,0,182.2970276986529,3.181683349940794
51,52,17,61,172.56759844962664,3.011872775205447,1,0,341.1322421253653,5.953880809798123
74,63,46,50,50.111288862310744,0.8746069830652858,1,0,260.47484569430486,4.546143675989795
57,30,21,61,239.8704789006143,4.186529635151308,1,0,38.87133614691759,0.6784328004131982
75,35,36,40,48.6598640957362,0.8492748420435698,1,0,257.92562743354125,4.501651423987507
45,39,47,68,213.94467020223888,3.7340389121224713,1,0,16.28525042481662,0.2842312394248553
72,41,35,54,99.99094454973401,1.7451712045719374,1,0,296.31162869182816,5.1716135326193
47,59,44,38,234.07239326333524,4.085333950468194,1,0,27.41983875945536,0.4785664667184535
60,58,20,55,69.04168401306981,1.2050047071496,1,0,270.2651227813508,4.717016245841306
66,29,26,67,250.21268238907916,4.367035137936263,1,0,46.01602976664576,0.8031312281236864
50,50,34,45,51.20977272739063,0.893779143290963,1,0,253.3639996832453,4.422036000494501
50,55,22,52,248.98250000495494,4.345564404933262,1,0,42.207588889600245,0.7366613954517017
74,31,19,53,83.75239388256516,1.4617550296779191,1,0,286.0333062954707,4.992222965221388
70,63,22,63,149.08671091041373,2.6020539763556725,1,0,325.0672086183502,5.673493080657498
55,34,37,41,3.971255194312997,0.06931147857768899,1,0,202.51242688822143,3.5345086254037583
43,54,36,51,209.57336272079002,3.6577452039541276,1,0,8.367857975424052,0.14604667301041643
64,66,20,37,116.46014216813055,2.0326129281745655,1,0,302.7601503018263,5.284161466599772
67,48,33,68,175.62745581349049,3.065277360846265,1,0,345.3366516457838,6.027261599031621
76,38,36,62,45.79191456748185,0.7992196799945134,1,0,255.97050906068526,4.467528171114935
75,45,44,65,165.40083662615518,2.886789184679637,1,0,339.7470338831249,5.929704365145265
62,40,32,45,339.41921090877423,5.923982774879165,1,0,168.9833579121244,2.9493159766425814
43,56,48,46,334.9147985416165,5.845365948204711,1,0,172.53089347128315,3.0112321524814796
81,48,43,47,178.36275724595345,3.113017376877261,1,0,347.9020312415129,6.072035919540575
49,49,23,51,320.1807298063839,5.588207936559746,1,0,143.91052373286314,2.5117124674079023
64,51,34,41,265.47615673973485,4.633433020648908,1,0,55.83827555684252,0.974561757102772
42,50,23,49,13.68786536548377,0.23889831819738877,1,0,216.96552592755407,3.7867627907569426
64,28,39,60,12.805512132797405,0.22349834912139607,1,0,213.6792460280663,3.7294063863687725
61,48,46,47,349.46998476144125,6.09940187098156,1,0,189.9989644257789,3.316107504609419
60,34,43,41,197.8617757388128,3.4533394504849193,1,0,4.375918237533149,0.07637418104302077
73,35,25,68,185.27673116646415,3.2336889861871936,1,0,355.2242449097481,6.199832656585812
58,58,23,61,351.3567058555653,6.132331366140854,1,0,197.52838357442047,3.4475206595159227
56,30,19,50,24.931550262909578,0.43513763971423003,1,0,226.75807326206706,3.9576749839015886
66,37,36,48,170.760999566237,2.9803416764274444,1,0,344.4946736396301,6.012566310594862
43,40,47,67,187.4765310603166,3.2720827372199404,1,0,354.87472390777947,6.193732364296589
73,61,26,46,121.77630215801942,2.1253974235609148,1,0,308.4640116062881,5.38371262643973
81,45,24,61,135.3574403788721,2.362433001683239,1,0,320.9507116738399,5.6016466553275075
55,52,37,66,334.1943118254877,5.832791082791382,1,0,168.0327170837242,2.9327241641831114
73,48,47,66,310.09319869083697,5.412147305196075,1,0,113.03786070628435,1.9728828487353847
53,45,36,49,79.58281372334224,1.3889821274736498,1,0,276.3769176229865,4.8236871890342545
49,67,22,59,236.2182615651857,4.122786417649665,1,0,26.48981907335044,0.46233456108755844
52,49,37,61,337.4597039389628,5.889782926540178,1,0,171.9215133394742,3.000596462785176
70,40,33,38,47.42235844364228,0.8276762939024916,1,0,255.54307078290984,4.4600679658187
56,54,46,51,182.10696946265844,3.1783662079521586,1,0,347.75640189539325,6.0694942079632614
65,40,37,69,183.00979688986078,3.194123519134149,1,0,352.2339035210558,6.147641353594472
60,50,44,66,314.3962497098908,5.487249713359861,1,0,129.23164972355534,2.2555177854600603
66,64,23,52,292.23079807165556,5.100389602081085,1,0,87.69342894790934,1.530539067504725
46,30,16,40,35.704115851397724,0.6231543781203888,1,0,235.13571692899865,4.103892449448396
73,61,40,46,267.2452982061033,4.664310364170598,1,0,52.059964363956645,0.908617786621959
80,54,42,38,127.9384447268662,2.2329471003645924,1,0,314.57897115115077,5.490438804123837
54,36,37,62,302.3870329015857,5.277649339469093,1,0,108.40259836433682,1.891982259174697
53,44,29,50,269.83637440879977,4.709533175077723,1,0,66.1587290033712,1.1546876500434942
61,38,31,67,110.01751757647736,1.9201679165802623,1,0,301.3250067219498,5.25911348589207
60,64,19,40,259.94553775298533,4.536905509656816,1,0,47.95272233525771,0.8369328900448711
65,62,41,57,0.676758068967831,0.011811656542927512,1,0,212.601452028758,3.710595332422605
80,48,25,40,65.27494077318188,1.139262635536317,1,0,273.1779257592963,4.767854248268351
61,44,22,40,183.63949649957706,3.2051138506222214,1,0,351.5497127389837,6.1356999717355185
44,51,31,40,19.009425768670113,0.3317770685767474,1,0,223.08228173894835,3.89352031920627
65,61,45,54,216.77243185889319,3.783392663492738,1,0,10.845827358392372,0.18929539750682592
60,46,37,60,120.32579473058189,2.1000812931274973,1,0,307.2560077755433,5.362628982216529
71,65,46,55,158.4716392639766,2.765851876189115,1,0,330.78326677550297,5.773257115735293
77,57,48,54,133.71192067429646,2.3337132649319496,1,0,317.3004399828299,5.537937395727042
69,38,48,53,229.51917520928274,4.005865303863729,1,0,26.42026153106895,0.46112055295515125
61,54,30,42,356.8055154556693,6.227431033976945,1,0,203.35879484979063,3.549280533016534
52,66,24,62,211.59696991039135,3.6930638121797,1,0,6.062834021876451,0.10581641568367399
51,30,28,66,299.41093572327844,5.2257066448483185,1,0,104.78894294717666,1.8289120741127232
47,44,34,62,314.18289017445665,5.48352588697601,1,0,132.4542782063966,2.31176326305419
70,64,35,57,164.94727922564135,2.878873114693884,1,0,335.0185706632637,5.847177113399234
46,63,21,62,29.016544952564875,0.5064342469751989,1,0,235.5044238005021,4.110327598330859
80,66,16,60,262.62296231486283,4.583635383735345,1,0,43.97665092906448,0.7675373527123985
47,58,35,60,169.94175631091937,2.9660431842473955,1,0,337.4873317576228,5.8902651229409395
62,57,39,66,13.063544140860776,0.22800185723763444,1,0,223.68391088482448,3.9040207286777697
48,62,43,50,89.83663194582219,1.5679450163569173,1,0,281.8258499740452,4.918788999278664
57,43,46,61,279.6158005038653,4.880216359392068,1,0,76.1812054952922,1.3296128640312466
50,63,35,54,326.31748320398793,5.695314488730885,1,0,161.91584405262347,2.825964589863958
62,31,48,63,125.04359745318335,2.1824224840964455,1,0,313.34190533264007,5.468847932526947
56,45,47,47,346.82199631687814,6.053185754069171,1,0,184.0357357726476,3.212029530563011
56,34,36,62,150.76559486669808,2.631356029151743,1,0,330.1888866293578,5.762883225176575
55,64,36,54,52.18742605673413,0.9108424128310917,1,0,256.63996648829465,4.479212407428651
64,53,39,55,111.13154761435028,1.939611408707262,1,0,300.82947820898056,5.250464881803245
62,39,48,40,150.47637619337436,2.626308211043994,1,0,329.66248255203703,5.753695740831405
48,49,48,53,352.98605592039814,6.160768889439771,1,0,193.99449815388635,3.385842723539378
75,55,37,53,220.6440579103017,3.8509652854958043,1,0,14.68749675511692,0.25634517725277356
47,61,16,46,59.67883445877927,1.0415921550583465,1,0,259.88270577171363,4.535808884708073
43,49,17,46,166.42640196021858,2.9046886764533593,1,0,336.6690371977126,5.875983188619348
80,49,27,60,283.3092485703599,4.944679188903818,1,0,69.36397977770436,1.2106298294077056
79,37,47,43,313.9688520080915,5.479790216248007,1,0,113.50396083915874,1.981017830698026
67,31,37,51,73.75725869425652,1.2873070114599898,1,0,276.28110266288735,4.822014902507857
62,42,37,64,91.9776040760177,1.6053120292222656,1,0,288.117026313119,5.028590740219066
81,55,41,38,23.47365285377714,0.4096925297685741,1,0,239.77090565532788,4.184791754174164
44,35,48,42,133.89576045007135,2.3369218743153497,1,0,315.8260936565832,5.5122051980193545
64,52,34,41,347.21159540429215,6.05998554090731,1,0,189.07409290579608,3.2999654514277945
53,37,23,60,128.4015506910353,2.241029824224966,1,0,313.0753539619761,5.464195733483156
77,64,36,44,287.2490974617219,5.0134425240891325,1,0,73.30108608549187,1.2793452974796349
56,67,33,56,200.8152690945125,3.504887633977655,2,0,0.0,0.0
56,67,33,56,200.8152690945125,3.504887633977655,2,1,357.721088304719,6.243410794734727
43,34,31,39,130.71626518824374,2.281429213444899,1,0,313.4407921532862,5.470573833134051
68,67,48,64,72.7256406248964,1.2693018795265885,1,0,274.83724850183347,4.796814893478847
49,64,47,40,287.49357805779044,5.017709515447768,1,0,90.36746200250558,1.5772097486145904
60,59,24,48,266.3029195507946,4.647862753834945,1,0,56.23427793177885,0.9814733023911281
57,28,36,66,228.48165837141892,3.987757218998125,1,0,29.867544220038948,0.5212869861246814
45,55,46,63,247.26995916301044,4.315674928666454,1,0,41.78471562333491,0.7292808646367089
44,60,19,61,296.26504063973493,5.1708004177181826,1,0,108.25588882116305,1.8894216946022182
67,32,43,65,106.7363212619935,1.8629002374882155,1,0,301.0763203292185,5.254773089534001
79,33,34,47,324.46656387887356,5.663009852318847,1,0,131.30981270813854,2.2917885719341093
50,48,39,58,298.16973087739865,5.204043533596007,1,0,105.97224412083746,1.8495645756358172
69,57,41,57,40.65955502802248,0.7096431076348075,1,0,251.1485068031586,4.383368355182496
67,60,36,54,269.57748130679033,4.705014638036957,1,0,56.987767694277494,0.9946241796267996
64,49,32,41,290.2305171613647,5.065478114231721,1,0,86.24598163465353,1.5052763461392653
71,42,42,69,45.455306963220984,0.7933447690129112,1,0,254.33947990503322,4.439061342152784
57,61,17,64,245.40101366458322,4.283055676178573,1,0,35.31098362756939,0.616292926418897
47,36,35,37,301.3348050874584,5.259284499631509,1,0,110.29527327450566,1.9250156680270314
64,30,19,61,77.59075276487947,1.3542141048480403,1,0,278.49290890873885,4.860618203914141
56,48,29,48,83.79473295646395,1.4624939859196981,1,0,280.2037221422448,4.890477527725511
50,62,28,51,93.70326872376107,1.6354305591106557,1,0,284.9823248514911,4.9738798786465805
74,33,42,59,60.86918532815731,1.06236769698297,1,0,267.9556154427345,4.67670773868348
75,65,29,44,46.38553632009174,0.8095803340890152,1,0,258.11616811124026,4.504976986172336
60,57,29,56,6.480032020277395,0.1130978943885005,1,0,216.0361738998573,3.770542537963548
81,51,29,62,347.84762785444735,6.071086401312045,1,0,191.45049156475386,3.3414414323665853
63,46,18,55,289.7664396629179,5.057378433899405,1,0,86.23082934763985,1.5050118888416695
61,34,29,45,109.71039433900799,1.9148076048770375,1,0,301.63746744011536,5.264566954207205
60,41,32,66,16.60448316086418,0.2898029017490352,1,0,221.93664019962105,3.8735251022973927
74,52,29,47,26.726714275819116,0.4664691623528155,1,0,239.8278679531923,4.1857859338214
55,57,19,40,315.80620457839217,5.511858068119734,1,0,137.49351404932764,2.3997145202978487
43,49,31,65,301.73478607869276,5.266265484873939,1,0,115.61503732937227,2.017863066213698
71,39,26,57,187.7204480556922,3.2763398918908164,1,0,355.894059763731,6.211523131166578
46,47,18,69,265.5236696734176,4.634262277778954,1,0,63.384469158557266,1.106267681445624
50,36,19,53,23.287281665447367,0.40643973890136514,1,0,224.9076776557064,3.9253794881061586
73,28,23,59,154.95386771555647,2.7044551803362045,1,0,336.2593159896171,5.868832204522833
53,39,30,55,321.30838438374457,5.607889221759875,1,0,139.75505939529543,2.4391859327681407
70,49,36,56,283.96881500592946,4.95619079484015,1,0,74.80995828360086,1.305680085328441
45,34,43,64,84.30640085357483,1.4714242754010387,1,0,278.22026202784537,4.855859618147257
53,30,37,38,97.76475531037435,1.7063168725726432,1,0,291.2627246476375,5.083493533430915
68,28,23,59,146.509887468335,2.5570799230488253,1,0,329.9292682876915,5.758352030315931
63,52,33,53,14.315747395885037,0.24985692694199801,1,0,223.76844946777285,3.905496205295189
47,53,42,44,85.98839774469396,1.500780659159376,1,0,279.2549101796197,4.873917634995393
42,56,29,56,74.51732823783364,1.3005727275395411,1,0,269.4547381321106,4.7028723655044455
54,65,23,56,38.889271487048894,0.6787458311509545,1,0,246.17936993669767,4.2966405558805185
67,66,36,45,294.0055831622585,5.131365445427413,1,0,90.08536694175234,1.572286261000833
58,51,36,49,243.15127471695212,4.243790324232058,1,0,35.98072773570951,0.627982166251775
60,38,28,37,140.35404705895587,2.449640239677844,1,0,322.5485898167883,5.629534889967609
60,39,23,44,241.53948170730285,4.215659229353049,1,0,37.4175862386478,0.6530600780133248
53,60,41,64,295.6313817180815,5.1597409832006935,1,0,101.6960682899567,1.7749312279927438
49,52,42,59,258.325964903374,4.508638630955192,1,0,53.06440799661263,0.9261486351624983
64,47,33,54,41.21554970372584,0.7193470453493893,1,0,248.88956065018544,4.343942307187855
71,60,33,55,214.67574678973259,3.7467986056584808,1,0,9.307109997147574,0.16243971329550522
81,47,48,48,28.864805069485243,0.5037858864088681,1,0,243.37194571484642,4.247641759708975
56,66,17,65,244.32118440212335,4.264209100189266,1,0,32.970114622908326,0.5754370549296789
43,38,28,46,180.77529958631527,3.1551241840603446,1,0,350.24223443577137,6.112880170446075
50,66,43,39,260.6302999677938,4.548856864898473,1,0,51.54876402414731,0.8996956575549723
68,29,44,39,192.22829011719494,3.3550165780239283,1,0,1.4862461662470958,0.025939889096154838
81,29,32,48,106.21465475549626,1.8537954393524623,1,0,304.1355919686541,5.308167452355037
42,42,41,57,290.88814676635906,5.076955916097462,1,0,98.53400994843251,1.7197428987929955
72,52,38,60,234.82499349309825,4.098469302428825,1,0,26.384808453255353,0.46050178001733827
69,48,33,45,110.27285956015656,1.924624474914038,1,0,301.8903046185198,5.2689797954418145
71,61,47,39,162.04441002549558,2.8282084893966064,1,0,333.8619379117834,5.826990063649502
56,50,26,68,133.6220724375459,2.3321451173735412,1,0,315.06564817706413,5.498932920619839
77,60,39,64,154.9905618463947,2.7050956137354896,1,0,330.1957909628153,5.763003728528064
45,64,16,37,340.79199623767664,5.947942398791586,1,0,185.0103684574745,3.2290400799107926
60,56,25,54,229.28483428370757,4.0017752831402715,1,0,22.391774607096302,0.3908101922582901
72,54,26,41,191.19072415868743,3.336907635841361,1,0,354.63132743979963,6.189484294542616
53,65,16,67,247.77872488088536,4.324554565564644,1,0,37.247778541725104,0.6500963746067951
46,57,39,39,347.04626656237286,6.057100008267309,1,0,189.88882704493804,3.3141852446842233
45,53,42,63,57.608977126749856,1.0054663295678876,1,0,257.2867821892545,4.490501471063995
47,42,45,59,159.88597673967058,2.7905367218743202,1,0,333.94257002375974,5.828397359486326
59,36,44,49,218.47584296769477,3.813122795856373,1,0,19.506677128952916,0.3404557420237029
58,59,37,40,352.8392372689561,6.158206420568769,1,0,199.97880732036043,3.490288621951628
54,61,37,59,158.55888611247266,2.76737462095736,1,0,329.6970446829163,5.754298963811753
75,59,36,57,347.9102589119066,6.072179519478715,1,0,195.80611389155408,3.417461382942626
80,31,16,64,209.87439341925688,3.662999180791952,1,0,12.923332297327413,0.22555469891768612
76,40,26,53,264.4480523237088,4.61548921353496,1,0,53.48776045438591,0.9335375294470525
59,67,37,60,223.43777273685026,3.8997248075808586,1,0,14.561559511978164,0.2541471577091176
78,66,36,44,14.205431840723755,0.2479315572882682,1,0,232.4183699636077,4.056465797983248
58,64,34,63,327.4036599374071,5.714271848987606,1,0,162.92179921940115,2.8435218196516776
52,39,36,47,197.75609258514265,3.451494931489484,1,0,3.098005457269159,0.05407039547409932
46,44,35,48,349.0587816653143,6.0922250230597506,1,0,186.23953599584618,3.2504931005140123
60,53,47,42,211.94334796727514,3.6991092497289824,1,0,9.730390656646843,0.16982735446378047
77,65,26,69,202.57621164804212,3.535621879475223,2,0,0.0,0.0
77,65,26,69,202.57621164804212,3.535621879475223,2,1,359.5866880720959,6.275971653199894
64,42,42,47,330.74449581829583,5.772580434877879,1,0,154.20870540331242,2.691449644525772
58,41,42,54,159.64410109748547,2.7863151955378145,1,0,335.17423549032384,5.849893977160981
45,34,24,44,307.426308103952,5.365601283664488,1,0,119.66920356585523,2.0886216154635124
58,44,48,68,86.53765993181418,1.5103670927813289,1,0,282.9617618658444,4.938614401803117
79,30,20,49,349.7518952606119,6.104322137388029,1,0,180.44305979357767,3.1493255057709297
72,43,47,58,247.57993527500184,4.321085032423235,1,0,39.06761088805312,0.6818584408845128
44,37,36,52,295.1272097945019,5.1509415231381155,1,0,103.05690649934287,1.7986823353334764
65,62,45,66,3.190782640848804,0.055689662798291344,1,0,215.5141567744309,3.7614316203730613
60,35,41,43,0.8343172457329917,0.014561582944211317,1,0,199.60967555866387,3.483846057336336
44,28,40,37,24.850634719625866,0.43372539706788926,1,0,222.63683303475898,3.885745772669423
54,67,23,41,295.89358893837465,5.164317362517311,1,0,102.50131611291017,1.7889854537977983
50,28,17,59,175.54601148019592,3.0638558890731833,1,0,349.2269981686513,6.095160954899172
55,31,45,67,23.76354389048697,0.4147520828311804,1,0,225.43769692436507,3.9346300694432643
76,35,18,50,290.96467560331996,5.078291596275152,1,0,81.89194477905563,1.429284067255901
73,61,34,52,245.42951187245802,4.283553063736906,1,0,32.16618874846887,0.5614059014787359
58,61,31,38,26.244660732445265,0.4580557408500365,1,0,236.10859403826421,4.120872358222365
54,58,18,44,105.30543278546705,1.8379265223439836,1,0,294.1921029611875,5.134620830038882
68,56,16,53,230.57137518330384,4.024229657799796,1,0,22.46461207093859,0.39208144582114035
54,48,34,55,233.2142805565902,4.070357058382293,1,0,28.84015976636388,0.5033557447242483
63,58,32,59,312.0960486066781,5.447103630650794,1,0,126.46181050210443,2.2071749712948656
51,37,23,56,245.7421996404249,4.28901049481864,1,0,43.67835771640229,0.7623311540150915
55,55,39,51,198.9003482668401,3.4714659606197564,2,0,0.0,0.0
55,55,39,51,198.9003482668401,3.4714659606197564,2,1,359.5785947291087,6.275830397717274
45,40,38,44,97.70737696081717,1.7053154314535102,1,0,288.2554494446312,5.031006679624874
72,41,33,47,97.75693706804724,1.7061804185023164,1,0,294.7497523562861,5.144353648055106
56,58,44,62,257.41393878624615,4.492720772347131,1,0,48.2524179422471,0.842163565140599
63,65,32,59,209.97594641269635,3.6647716148927274,1,0,4.840798800733314,0.08448787749938923
49,33,20,65,335.119453941891,5.848937858771488,1,0,160.11392873332693,2.7945152347001088
42,46,24,63,311.95727342967126,5.444681546891987,1,0,131.6903374054177,2.298429980786785
45,63,33,51,339.4741740537753,5.924942062726685,1,0,182.69011841863207,3.1885440772634657
60,33,27,53,247.3269359411674,4.316669361042472,1,0,43.97281851645396,0.76747046449405
67,56,48,63,303.92953286609463,5.304571042561669,1,0,107.23512922074028,1.871606078703499
51,50,36,57,315.18404155894183,5.500999274946176,1,0,134.89156478703046,2.354301938700925
78,60,39,47,342.2781747832817,5.973881107684894,1,0,187.03836624677794,3.264435318557304
66,57,24,57,171.14637882602653,2.9870678133796704,1,0,340.21374358537696,5.937849986100566
60,39,32,64,311.69525948004787,5.4401085407849035,1,0,120.57705004186502,2.1044665255725112
76,45,29,43,276.32434626645056,4.822769645770463,1,0,64.08329786931131,1.1184645433557492
59,64,28,67,259.075373979791,4.521718286782997,1,0,47.35385405823835,0.8264806668251378
50,36,26,58,77.66664450352349,1.3555386655624415,1,0,274.2795438206764,4.78708111053887
64,61,24,60,335.09062703393636,5.84843473431451,1,0,174.33558060241913,3.042729884888173
77,45,18,64,350.85305208071867,6.123540949479683,1,0,192.32596959627722,3.356721406545547
62,55,16,57,103.4674547276087,1.8058477536549444,1,0,294.9902532264362,5.148551180093138
76,40,25,46,5.289619915783383,0.09232128370948521,1,0,212.01729917036312,3.700399941708678
78,65,39,38,6.957947130336373,0.12143908660406073,1,0,224.73273610827331,3.922326182104917
77,41,25,61,265.0321530218743,4.625683693881146,1,0,53.50242071420645,0.9337933992501187
79,44,27,60,260.9483397534062,4.554407706309745,1,0,48.57445745511792,0.8477842149617135
66,63,41,37,112.27098885007796,1.9594984099037027,1,0,300.7912100379059,5.249796976219276
69,43,32,64,351.3649763805169,6.132475714032128,1,0,190.95893243410939,3.3328621070685984
68,57,21,43,6.318850811986407,0.11028475161147998,1,0,218.0587201873297,3.805842629953929
66,60,22,48,0.48730525756853554,0.008505081206849962,1,0,211.81020876688126,3.6967855323186365
77,40,22,45,196.90677049369972,3.4366714645838807,1,0,1.947067402744407,0.03398273693614438
49,60,38,61,104.81192920266443,1.8293132599536894,1,0,292.5567438077502,5.1060784283587735
63,31,18,65,82.16473085773167,1.4340450824824023,1,0,281.7665646541141,4.917754275247769
75,61,43,49,269.07998637480983,4.6963317134619125,1,0,53.248324004342784,0.9293585750445129
64,53,19,62,356.4752016915437,6.221665971228298,1,0,203.0560263726345,3.54399622621891
46,59,35,47,346.5966060911542,6.049251952528474,1,0,190.27232130036379,3.3208784821038866
69,49,32,62,70.4999102883372,1.2304555568921092,1,0,273.8938050072025,4.780348698191015
67,52,25,55,52.90657545175548,0.9233939375879395,1,0,259.95814313160366,4.537125515017166
49,67,19,67,242.68690639298268,4.235685568036823,1,0,32.55064758784632,0.5681159740642685
42,65,39,67,254.77968609630992,4.446744389578226,1,0,47.83636335407218,0.8349020427089177
67,32,35,47,16.042976441524495,0.280002760724486,1,0,220.27768162582967,3.844570813030544
74,65,42,51,127.53639534277677,2.225930014856617,1,0,311.7068759958791,5.440311287233769
62,32,21,58,273.90756402521845,4.780588838357234,1,0,69.05686070876737,1.2052695904590955
55,37,28,67,15.803979351481843,0.27583147460055635,1,0,218.29670241541834,3.809996203395308
71,33,44,44,75.30676754685402,1.3143510427266156,1,0,278.6058612713217,4.862589594539119
74,44,26,49,189.80375787140855,3.312700507514183,1,0,356.1540837057749,6.216061405089259
72,55,21,52,229.15391283120758,3.999490272732653,1,0,21.20914984773561,0.3701694963918404
67,39,26,61,330.97946564616217,5.776681432016991,1,0,152.0272235370318,2.6533756033866243
64,65,33,62,5.1084177824761845,0.0891587098716369,1,0,218.45590728997766,3.812774852641593
70,61,32,52,351.83084687694134,6.140606688082635,1,0,201.9197943321397,3.5241652360456226
49,40,23,66,258.5992231339214,4.513407886786418,1,0,56.1626608992265,0.9802233493725817
71,28,32,56,203.43071248299225,3.5505357325061437,1,0,9.598839164763008,0.16753134779449697
63,56,37,45,300.7468191031653,5.249022208250015,1,0,103.9757737958702,1.8147195950467774
77,64,43,64,82.32364065729915,1.436818581698539,1,0,283.58014320020743,4.949407192120629
62,51,17,44,290.9791582401375,5.078544365971989,1,0,88.37414938739944,1.54241988045945
63,64,42,65,173.12045277708324,3.0215219035034635,1,0,339.73027293420427,5.9294118314008415
54,37,24,63,343.7449174938485,5.999480597263911,1,0,174.97186592615006,3.053835158769396
42,59,40,65,173.35776249930754,3.0256637395032704,1,0,339.2305900700607,5.920690720205741
44,47,35,66,330.6335155723471,5.770643464181401,1,0,161.23029178687958,2.8139994456322204
80,54,41,50,223.93424245355774,3.908389838773848,1,0,16.91989869911425,0.295307941403449
70,47,42,54,236.38718653483537,4.125734714558883,1,0,29.265314226525586,0.5107760898836091
42,53,35,59,182.1448467845754,3.1790272919314475,1,0,347.24695228510427,6.060602634890716
52,32,16,53,53.34405416278037,0.9310293815027045,1,0,254.20169773780532,4.436656589684124
70,31,20,47,202.79687113189678,3.5394731139942386,1,0,8.433645405326974,0.1471948802686474
62,62,27,62,302.2774760551645,5.275737211780942,1,0,108.62039432968871,1.895783515867647
48,34,41,41,151.00127782463287,2.6354694727585444,1,0,329.3434882787796,5.7481282404680565
45,50,35,51,196.02207685772208,3.4212306477646304,2,0,0.0,0.0
45,50,35,51,196.02207685772208,3.4212306477646304,2,1,358.7453951105695,6.261288321047405
70,35,34,64,228.97528876078857,3.9963726945805274,1,0,26.649478305865653,0.4651211403761561
68,31,30,37,147.3883458541266,2.572411914222643,1,0,329.9125284288203,5.758059864662308
65,54,44,60,126.93693813438894,2.2154675128454353,1,0,311.44775043839746,5.435788693079648
45,30,38,59,335.16358951870797,5.84970816990421,1,0,159.43074796814767,2.7825914809614365
72,33,25,43,73.28821591668977,1.2791206706587506,1,0,277.324011223669,4.840217090690732
62,47,18,58,262.5641258716787,4.58260849408162,1,0,54.44308892663551,0.9502111567258552
69,39,20,49,152.1465109248993,2.6554575610610156,1,0,331.62008105285895,5.7878622801028525
71,64,40,63,97.71788794831208,1.7054988827929323,1,0,292.2680951218015,5.101040558407413
77,66,31,58,141.55027237005203,2.470518309952165,1,0,320.73127330765686,5.597816733332416
62,35,31,67,271.3786922049187,4.736451698732101,1,0,65.93689861336439,1.1508159793568922
73,61,24,53,342.7998428511341,5.9829859330714354,1,0,188.2090921413028,3.2848683400551186
51,49,32,40,341.7151056733844,5.964053697800913,1,0,178.49977327896516,3.1154087577813367
66,48,16,61,61.952122546293374,1.0812685170318326,1,0,266.5760308829203,4.6526294458050454
58,51,17,51,257.1575888645991,4.488246622177161,1,0,49.249293916065035,0.8595623331177468
47,28,38,53,11.108845550906082,0.19388593095883447,1,0,207.48964151286657,3.62137740818223
70,36,28,42,120.81976353714337,2.108702675204142,1,0,311.01182162688366,5.428180300014427
44,44,27,37,112.31424731751065,1.96025341258977,1,0,298.4728144459563,5.209333339776032
67,42,47,68,264.3998155472129,4.614647322964558,1,0,55.785184768386785,0.9736351480417397
59,46,29,69,349.29255950138054,6.096305216017293,1,0,188.46276831760474,3.289295824565457
45,51,44,55,254.2295458668091,4.43714263122576,1,0,50.18812414438313,0.8759480117191476
74,67,34,37,111.1803926426427,1.9404639152741945,1,0,301.1737190291997,5.256473017535835
57,33,28,55,142.75932551638675,2.4916202681873028,1,0,324.8038212257413,5.66889610344823
51,52,35,67,111.52362931527573,1.9464545253252306,1,0,298.49179608755645,5.209664631919388
64,29,37,44,90.16844356529963,1.5737362216131732,1,0,288.38673287766386,5.033298007784616
44,43,34,54,89.10362633054831,1.5551516549347812,1,0,281.2629796127966,4.908965058212986
49,60,27,47,68.9139649798353,1.2027755895021937,1,0,267.22725848112424,4.663995511573559
53,44,21,69,154.99447542258838,2.7051639185255967,1,0,330.6807245327083,5.771467415976147
69,41,20,69,102.87299685337416,1.7954725064851453,1,0,297.6522056440755,5.1950110143123664
60,49,20,38,73.94450705209057,1.2905751118231465,1,0,273.9593324883075,4.781492368486836
80,31,48,49,282.5502562651969,4.931432274181422,1,0,71.25093955491545,1.2435634903727377
48,42,38,50,281.1585217013969,4.907141923729306,1,0,82.36571958372,1.4375529975102872
70,47,44,60,99.4748790477073,1.7361641624056139,1,0,294.8548651376508,5.14618821217585
51,35,41,65,351.7575238985664,6.139326960692624,1,0,185.76898205088867,3.2422803848662554
43,33,20,64,145.29636085017285,2.5358998880013037,1,0,324.60397400052904,5.665408111367301
46,45,41,56,152.1823092818156,2.6560823602560095,1,0,327.55850943248385,5.716974482521746
68,39,22,39,73.91985793444793,1.2901449035625712,1,0,276.44005868535965,4.824789208465873
66,62,31,38,103.48619936301003,1.8061749092597836,1,0,295.15837485273966,5.151485456015941
51,65,37,62,217.30939220137503,3.7927643894216825,1,0,10.874635315242742,0.18979819120463734
80,54,44,56,107.02468451064011,1.867933125618846,1,0,301.211310290965,5.2571291088236185
61,46,35,38,96.26473002871487,1.68013649254453,1,0,290.61574575694095,5.07220162159736
75,49,18,42,90.32149644879689,1.5764074983598717,1,0,289.53457847186735,5.053331692707977
51,36,48,68,219.60267014861486,3.8327896402643944,1,0,21.224848596985353,0.3704434912546934
77,29,44,40,340.82414241242236,5.94850345538282,1,0,162.27711919484616,2.832270030601355
67,52,25,51,76.71060312653094,1.3388525957486213,1,0,277.78716131347267,4.848300584688714
62,49,45,61,18.17601998846685,0.31723139370704834,1,0,226.6730895889214,3.9561917389947583
42,31,22,45,162.09152861144054,2.8290308638602295,1,0,337.6706983213117,5.893465473215379
42,37,24,68,242.08577928901036,4.225193920849528,1,0,42.378211596788816,0.7396393234708084
79,44,25,63,156.08980534774116,2.724281032115136,1,0,334.247257948932,5.833715166971651
76,48,40,64,310.07506529343266,5.4118308177067975,1,0,111.1179058799857,1.9393733155269175
45,56,24,63,3.2594981689335523,0.056888975010616835,1,0,208.6372545540613,3.641407034289903
69,44,35,59,18.006687655600395,0.31427598696844566,1,0,227.2189231362054,3.9657183315627043
74,32,26,39,77.52397729771896,1.353048653086532,1,0,281.23405913767135,4.90846030070081
74,38,31,54,133.99214105707892,2.3386040332427025,1,0,320.27732527785173,5.589893845579375
51,45,34,49,283.23702120856586,4.943418583630483,1,0,83.47773092505844,1.4569612567361616
44,37,16,63,187.72164870007683,3.276360847088474,1,0,355.9119694614643,6.2118357143600615
58,36,21,61,120.09844405045554,2.096113275202644,1,0,308.2160824085172,5.3793854456267995
69,60,24,54,283.4593296308398,4.947298597554077,1,0,73.06303711502595,1.2751905591640218
62,29,30,64,150.9802602001098,2.6351026460096687,1,0,332.13880436041137,5.796915709726477
63,38,28,40,212.48375729432138,3.708541171794426,1,0,14.05458974118998,0.24529886600078285
48,51,19,64,37.941558518809885,0.6622051194913353,1,0,241.68873615400878,4.21826421087131
44,41,16,57,57.76654113764151,1.0082163403405953,1,0,256.30366546107496,4.473342847225828
46,37,43,57,268.8395902321385,4.692136009263203,1,0,68.91423427378757,1.2027802895683164
44,47,34,40,104.10748066654195,1.8170183135874978,1,0,292.1365295513464,5.098744306020708
45,39,42,59,91.75760960935763,1.6014724014428785,1,0,283.79274564516714,4.953117804782966
65,52,47,68,283.08878390213334,4.940831354558948,1,0,75.73795828709741,1.3218767408479746
80,43,48,57,325.28103963571095,5.677225135953332,1,0,137.49595878643942,2.3997571890097946
47,62,37,41,243.69868187886146,4.253344381556373,1,0,35.577336797652144,0.6209416662099655
58,39,38,52,269.4081073196663,4.7020585042944125,1,0,64.64474164690455,1.128263585839586
63,36,44,59,64.53117206614107,1.1262814227251536,1,0,267.5378633278349,4.669416588821312
64,44,36,38,191.4800684427051,3.341957646269295,2,0,0.0,0.0
64,44,36,38,191.4800684427051,3.341957646269295,2,1,357.1691005428669,6.233776790859693
59,57,37,69,124.28278332119008,2.1691437724974603,1,0,308.163716999677,5.378471496828385
73,41,25,45,76.28195895843928,1.3313713436959496,1,0,279.55157292126427,4.879095376605084
52,41,34,51,269.78056300841723,4.7085590823809,1,0,67.0009513449213,1.1693872029373997
65,35,24,69,154.41996003485195,2.695136733406224,1,0,333.579028625838,5.822052365125289
60,30,25,37,73.32016959816654,1.279678367608654,1,0,273.84561917778785,4.779507696814925
75,40,16,65,191.70146390975344,3.345821726118279,2,0,0.0,0.0
75,40,16,65,191.70146390975344,3.345821726118279,2,1,358.4174396774056,6.25556441893889
54,56,39,62,184.42251260765462,3.2187800598043266,1,0,348.79726830100196,6.087660753814532
54,32,41,39,73.5538980236293,1.2837576981884813,1,0,272.19328421762856,4.750669011414336
80,28,32,61,242.36871816763136,4.230132135863365,1,0,37.054317267839785,0.6467198384023938
44,42,44,68,257.27085896714067,4.490223558410583,1,0,55.95789060224926,0.9766494334800422
57,52,43,45,192.83637576512828,3.365629674714488,1,0,355.9720146112873,6.212883699924326
42,56,37,52,73.23713104899284,1.2782290715194935,1,0,268.504177996824,4.686281961405491
48,41,44,55,295.4155527635712,5.155974057323351,1,0,101.9248949126724,1.7789250059753516
56,30,26,66,233.19872386212316,4.070085542843116,1,0,33.40492118871115,0.5830258611122277
59,29,47,44,315.8461631278219,5.512555476371604,1,0,124.64469964361403,2.1754604039404675
53,67,30,64,196.4106657608932,3.42801280356168,1,0,354.4891335848261,6.187002543597225
59,29,28,51,83.35743694741757,1.4548617307560079,1,0,281.6907508324251,4.916431074440776
70,56,18,55,25.201264367903676,0.43984503888544674,1,0,237.86936004840624,4.151603522456547
55,67,19,47,236.4226144997789,4.126353049194428,1,0,25.72546516865153,0.4489940688000876
73,54,45,38,238.20634382394834,4.1574849988655584,1,0,28.335347975953066,0.49454511687869207
50,55,46,51,17.51675891821679,0.30572511740096314,1,0,224.2740715590704,3.9143209755591504
77,35,24,68,186.48290390566493,3.254740671834046,1,0,356.1131559858698,6.215347081621582
58,62,34,65,139.1832621481803,2.429206188152142,1,0,317.1142798535896,5.53468828853586
69,36,43,42,269.9920074427455,4.7122494839449445,1,0,61.850450070055906,1.079493997562833
58,43,38,67,214.9759101565087,3.752037444702595,1,0,14.948943362346336,0.26090828136709526
67,63,37,48,170.61163924179698,2.977734846994119,1,0,338.62982556320634,5.910205401532012
54,38,31,44,211.861776657236,3.6976855617936337,1,0,14.192867826841345,0.2477122738787539
81,29,45,66,326.8218649980723,5.704117611724772,1,0,132.97090734887877,2.3207801426022585
52,42,31,53,210.4805124596969,3.6735779537066597,1,0,12.11782163802278,0.21149588575291
53,53,38,54,345.05922084038644,6.022419518030978,1,0,185.6132568715068,3.239562467757783
79,30,18,66,81.01507542151397,1.4139798098569516,1,0,285.4212238485307,4.981540111228622
71,59,43,57,250.070745201742,4.3645578666862095,1,0,37.06750249658651,0.6469499640566528
54,54,22,58,22.73050545386087,0.39672216081240025,1,0,230.17857078100863,4.017373927663416
56,42,19,68,273.90647913508144,4.780569903452321,1,0,69.94635624347985,1.2207942162216159
47,51,35,56,132.60499696596648,2.314393801653206,1,0,312.62206918741236,5.45628442171786
69,35,16,58,12.123505394807049,0.21159508602267804,1,0,217.03367405444158,3.7879521999501966
62,59,30,41,226.8143562527936,3.9586573074026363,1,0,19.315160951578743,0.3371131541576901
47,52,44,43,358.6167624595604,6.259043257761727,1,0,202.15070745084503,3.528195430253079
79,45,17,44,89.64314499927237,1.5645680320799926,1,0,290.3700884732621,5.067914093165658
79,54,35,48,117.59012979332793,2.0523349327410516,1,0,307.8177003052861,5.372432366244397
72,54,47,46,2.0586892898841436,0.0359309063840223,1,0,212.82681545967978,3.7145286663057813
68,62,46,51,109.45089808127986,1.9102785407830778,1,0,299.4685308541969,5.226711869515962
54,62,26,57,282.1457703870851,4.924372663830551,1,0,79.01065629764388,1.3789960965554784
52,57,37,67,275.1672191171138,4.8025739671503205,1,0,70.91264070406686,1.2376590615697165
73,63,47,51,184.18885844222777,3.2147020253066283,1,0,347.89552478502173,6.071922360452167
76,30,31,41,311.1959688726111,5.43139427576085,1,0,109.13832966702681,1.9048231928166244
51,46,40,40,356.6444965436757,6.224620723804677,1,0,197.72313932743523,3.4509197886432315
60,29,25,61,82.39516649405964,1.4380669430502535,1,0,281.21094012285573,4.90805679777246
60,50,39,47,334.4902272055666,5.837955780481049,1,0,166.6748314984677,2.9090245898550156
69,32,20,57,353.20244683245687,6.164545623326589,1,0,187.4907326968034,3.2723306025358068
45,47,40,50,19.20527891600317,0.3351953508481028,1,0,222.424642154521,3.8820423431665656
52,45,42,54,39.622782312401476,0.6915480101523782,1,0,243.44101713406042,4.248847283393284
52,48,20,59,248.7182315582962,4.3409520504299355,1,0,43.384135134304984,0.7571960012237743
66,37,37,55,269.2059659133741,4.698530471200002,1,0,61.91762462821867,1.0806664147763456
48,31,16,51,73.49996130056748,1.282816324783316,1,0,270.3444194001604,4.718400232925233
63,49,32,65,341.54798225389595,5.961136843873647,1,0,178.02538389191068,3.107129101040718
61,60,30,48,163.75407940903256,2.858047849259868,1,0,334.1803525557031,5.832547447572466
61,57,18,64,175.85842775756592,3.069308581750114,1,0,343.0109027880766,5.986669623890133
71,40,28,38,206.13860383752805,3.5977973524290827,1,0,8.484974045080026,0.14809073403290823
79,29,41,47,213.42246498291968,3.7249247116742517,1,0,15.93683054085708,0.27815016527034475
81,49,35,44,23.949938955907886,0.41800529043224566,1,0,238.96158528209438,4.170666448957769
67,57,32,56,317.1502820302766,5.535316645056934,1,0,134.34682467192908,2.344794430124713
57,34,31,63,265.47339087744376,4.633384747245272,1,0,61.780727230815394,1.0782771044542474
65,36,35,53,224.1469920955169,3.912103020508474,1,0,23.28410840506293,0.40638435505963366
49,42,46,66,46.05729282424194,0.8038514043381799,1,0,247.83778452454703,4.325585350801595
80,39,32,66,110.17852686820369,1.9229780588471908,1,0,305.23038314674125,5.327275163034445
52,61,22,56,19.880107467490248,0.3469733309580164,1,0,228.62154313935912,3.9901986687720696
65,37,47,51,53.019202878752736,0.9253596570170911,1,0,258.5290389572854,4.512182941821319
44,64,23,59,287.3855509953072,5.015824087526178,1,0,93.24685987008763,1.6274647218788012
49,56,45,46,92.32670196603576,1.6114049368148458,1,0,284.15401214998656,4.959423094769236
77,40,47,62,291.2485105050035,5.083245449841604,1,0,81.40310842582205,1.420752263388533
72,45,39,59,35.48985372806844,0.6194147986059786,1,0,246.11513896718867,4.295519513980839
72,38,43,68,56.153110931615934,0.9800566709943185,1,0,263.51358186376837,4.599179627246373
79,37,39,59,29.61803673974228,0.5169322590851496,1,0,241.4716368019582,4.214475112374081
72,58,24,58,261.00218746768275,4.5553475262185446,1,0,47.02343149632637,0.8207137051968989
59,39,32,51,71.72854358699307,1.2518992532532927,1,0,272.1274833912094,4.7495205703427885
56,66,28,53,275.4577183740359,4.807644135658207,1,0,67.69471959418102,1.1814957431327784
81,47,41,63,188.19365096227313,3.284598840640661,1,0,354.5094300086358,6.187356783019084
54,43,24,48,173.94511079292064,3.0359149010827897,1,0,344.51815418156644,6.012976123361804
60,34,33,52,118.16391804420218,2.0623494269280664,1,0,307.53446719575237,5.367489015932372
45,52,47,49,320.35814153045516,5.591304355276429,1,0,147.01038985664854,2.5658153376389916
78,33,34,49,208.55320799829764,3.6399401451668663,1,0,11.625771587315807,0.20290799228346826
67,41,46,40,349.28472398935565,6.096168460533879,1,0,186.19292856564158,3.2496796474010483
49,52,28,68,100.58971830338592,1.7556217780476886,1,0,290.32156571559153,5.0670672112821595
79,55,45,39,78.73552811648997,1.3741942039293193,1,0,282.172420256144,4.9248377917908535
75,43,37,68,333.7645614712018,5.82529052414748,1,0,157.70033555692865,2.7523900869682905
49,35,21,50,91.00743984567828,1.5883794691177662,1,0,284.54943945913186,4.9663246032661235
51,30,27,67,206.36035000185294,3.6016675531002202,1,0,12.274606037510194,0.2142322897397275
46,52,46,57,314.6658383898666,5.491954923451545,1,0,136.9631566257584,2.3904580370441706
80,49,19,49,224.4520189869467,3.9174267440710473,1,0,18.597415228312403,0.3245861280945844
61,40,32,69,199.56149076252416,3.483005073994296,1,0,4.028316865183339,0.0703073926110658
54,44,39,44,331.46627412334874,5.7851778427705165,1,0,159.05445230392814,2.776023882659827
64,35,23,62,282.89255236861436,4.937406468202804,1,0,77.81001216096861,1.3580409032257303
54,66,43,61,252.8958029718488,4.413864426333622,1,0,41.80978268890279,0.7297183674646818
43,45,32,66,359.8407731701579,6.2804062747413285,1,0,200.05692766520406,3.491652079181943
73,56,45,54,61.455010792492864,1.0725922801776502,1,0,268.33384694534675,4.683309123738829
62,57,36,53,183.80907268544155,3.2080735133985305,1,0,348.5171843778473,6.082772367173581
56,36,25,67,44.42429347401471,0.7753501889937867,1,0,247.79503874617797,4.324839296227727
71,60,24,37,286.562664873822,5.001462015337294,1,0,76.27954752114317,1.3313292561754273
52,61,31,45,120.96254123643915,2.111194616155276,1,0,304.06002103166065,5.306848490685684
53,60,29,44,101.1779100600801,1.7658876608350913,1,0,290.9591083945678,5.078194430152281
53,28,26,67,278.19771107942853,4.8554660298479355,1,0,77.71231767670498,1.3563358128142922
73,56,36,57,300.6237403638072,5.246874079009012,1,0,97.323212229328,1.6986104920189844
47,49,23,47,105.30591317145073,1.837934906661079,1,0,293.51166324386105,5.122744916610196
62,29,34,64,215.02527132724893,3.7528989596546514,1,0,18.433276915281258,0.3217213741035218
47,46,43,38,223.06173370017203,3.8931616882747955,1,0,21.69487071971708,0.37864692485357493
78,31,37,62,328.65516171888834,5.736114675669028,1,0,138.92918538634552,2.42477171210532
77,40,47,53,254.24861851989436,4.437475511819189,1,0,44.288596153357005,0.7729818239621752
60,62,43,37,32.0362973482848,0.5591388688754982,1,0,241.8900307039055,4.221777463533328
81,60,27,44,338.0387119509519,5.899888522744815,1,0,178.6426077066701,3.1179016888299897
45,65,42,45,86.3961709931847,1.5078976449470924,1,0,278.5740656250599,4.862034655824051
53,58,39,50,161.56036943806131,2.819760387432591,1,0,332.2602588665771,5.799035490750453
75,30,39,45,270.4237693034554,4.719785149998869,1,0,61.34188877048764,1.0706179284371455
81,37,34,39,105.93602518936116,1.8489324360300017,1,0,302.8433273588182,5.285613180106401
44,54,31,51,166.46082368851467,2.9052894489463528,1,0,335.6228838258913,5.857724367800226
67,61,38,67,128.43673618437816,2.2416439269327375,1,0,311.71197290234153,5.440400245033205
53,50,19,59,107.58856869325109,1.8777747612053246,1,0,296.391525119791,5.173007988347834
42,52,17,66,338.47949000566257,5.907581551070052,1,0,175.62635738425877,3.0652581896395716
62,52,35,58,62.4034990711011,1.0891465235559372,1,0,265.83509596234956,4.639697691898084
74,65,30,51,156.1838122278879,2.725921761693224,1,0,329.66626141908137,5.753761694503324
62,51,20,42,324.86869198299723,5.670028311750608,1,0,148.93013471098877,2.5993212061454476
64,31,42,54,38.10716491604719,0.6650954963854919,1,0,243.63615201407222,4.252253029534974
76,49,38,39,147.90855306257873,2.5814912428027412,1,0,327.65368454574264,5.71863560161407
51,52,23,47,288.35305214521134,5.032710168108836,1,0,90.52239681061121,1.5799138711419796
46,64,44,41,24.204304832602013,0.42244481248528004,1,0,231.55957029406943,4.041476916134766
43,28,45,47,191.62507534252362,3.3444884941092377,1,0,1.46937008908269,0.025645345984815326
53,66,41,49,204.47074703378897,3.5686877597520468,2,0,0.0,0.0
53,66,41,49,204.47074703378897,3.5686877597520468,2,1,0.6620209143208792,0.011554444671962621
69,57,24,67,281.538276934953,4.913769902906539,1,0,71.02103277900976,1.2395508601605385
75,58,40,48,188.49113467972305,3.2897909109812344,1,0,351.96200221691396,6.14289578059673
63,67,16,37,49.63869696816375,0.8663586984941843,1,0,257.1806031269975,4.48864829683093
62,42,32,58,171.84614332406446,2.9992810078589978,1,0,343.8147176630454,6.000698840034847
57,35,32,53,200.63180711315107,3.5016856183506655,1,0,6.246147493358437,0.10901583932429537
54,44,32,50,328.64128010516714,5.735872395804103,1,0,154.276435799683,2.692631762946119
76,41,23,51,296.5044998696304,5.174979769704149,1,0,88.7293459261161,1.5486192295517431
68,40,46,42,244.51169443242097,4.267534127476034,1,0,38.08673931728336,0.6647390024353719
64,52,41,41,112.2487693040767,1.9591106056676826,1,0,301.7078693573903,5.265795699463369
47,33,33,40,202.38797198322905,3.5323364775413846,1,0,8.505517784626178,0.14844928992866074
55,41,28,43,150.3601184941181,2.624279131411179,1,0,328.28750195306566,5.729697802228311
56,46,32,55,83.33283452867576,1.454432337545009,1,0,279.9563083510836,4.8861593424549055
76,59,39,53,323.73372921288825,5.650219474524651,1,0,145.90837038087344,2.546581469365614
42,62,47,49,191.39796855521388,3.340524732917056,1,0,351.79117316018625,6.139914251098755
55,64,30,40,200.27808261254856,3.495511961170179,2,0,0.0,0.0
55,64,30,40,200.27808261254856,3.495511961170179,2,1,358.139314076537,6.250710211469646
57,55,31,40,150.9058353247637,2.6338036868894927,1,0,326.09158581253496,5.691371835478363
69,59,17,67,34.46245970798303,0.6014833902401874,1,0,246.25046345095714,4.29788137178116
49,51,30,67,344.9224832109962,6.020032996186746,1,0,184.18857816025954,3.214697133463449
43,35,22,52,145.1558279461762,2.533447126119173,1,0,324.0747625313308,5.656171628790475
51,65,33,41,281.1469909119967,4.906940673488918,1,0,78.84728199196401,1.376144677008205
80,61,38,41,2.901277203163124,0.050636839708248955,1,0,219.28094007721865,3.8271743912158542
45,56,38,42,90.42093631742446,1.5781430514751735,1,0,281.810887536223,4.918527855474542
59,42,47,45,111.04858133621424,1.9381633739856627,1,0,301.10690665873153,5.255306921690103
61,33,18,47,256.6245585099438,4.478943487475353,1,0,52.129507003137626,0.9098315346461936
73,31,19,53,262.2135075622726,4.576489050164707,1,0,54.2546894467319,0.9469229654924923
46,59,37,42,158.60647008443064,2.7682051179392033,1,0,329.16118903243574,5.744946518395452
42,47,37,47,163.585135612783,2.8550992237644954,1,0,334.94414933568413,5.8458782161992655
44,36,27,59,165.47429507744607,2.888071276518079,1,0,339.20093705958675,5.920173177539842
59,36,38,46,224.19122516634278,3.9128750332326536,1,0,24.019300861579453,0.4192158840616722
46,50,45,61,57.68121635154227,1.0067271418896035,1,0,257.43769743677245,4.493135439024646
66,37,29,66,36.08840294023559,0.6298614530935134,1,0,243.3520729354396,4.247294914276803
66,41,25,47,8.534791312026618,0.1489602093654712,1,0,213.9772080058698,3.734606803927198
62,49,22,53,83.33107695550733,1.4544016621063751,1,0,281.37758716923366,4.910965337420478
43,39,33,47,151.20146666930577,2.63896342722385,1,0,327.7230278093553,5.719845869878189
59,62,41,52,4.06891317204809,0.07101593183000567,1,0,214.91871304479193,3.7510391667805063
53,40,19,38,22.27885260497109,0.3888393315232611,1,0,225.81339302489565,3.941187203384427
68,54,30,44,325.52758490672346,5.681528162687722,1,0,149.92624628348977,2.616706632802808
81,39,28,53,79.8415121492347,1.3934972667751997,1,0,284.4492269389838,4.964575564837819
58,63,36,44,334.94343126095714,5.845865683431005,1,0,175.69887064150228,3.0665237847298163
57,63,43,65,225.52452708369376,3.9361455416135813,1,0,17.595172361536658,0.30709369016472077
78,57,38,52,119.51938592559546,2.0860068043634112,1,0,308.456058322203,5.383573815446098
48,64,44,39,174.38082681630573,3.043519580294556,1,0,339.30714883290335,5.922026922688598
60,40,36,63,327.8889615491328,5.722741959977454,1,0,149.11408304256517,2.602531710185006
70,47,40,42,124.76115353395714,2.1774929077537113,1,0,311.94865172034986,5.444531069677178
43,49,47,52,61.66618481580133,1.0762779621790661,1,0,259.696503445521,4.532559041041139
77,57,34,59,289.0264352383965,5.044462920212181,1,0,76.8041779974682,1.3404857853436052
70,63,37,45,82.79775142676658,1.4450933756449096,1,0,282.2723503668445,4.92658190124446
60,65,21,51,297.3832864373828,5.190317488733728,1,0,101.03112358734276,1.7633257535884361
50,59,19,54,16.30607170070788,0.2845946392436239,1,0,224.18597943882264,3.9127834780157644
64,38,37,40,97.43181911343564,1.7005060397369944,1,0,292.9426922686857,5.112814499745102
75,40,24,67,355.83155782685316,6.210432266579186,1,0,197.36436193390986,3.4446579418444903
60,57,46,57,311.7965563360205,5.441876504443544,1,0,127.1261568291864,2.2187700020759773
60,58,47,38,156.37013933083838,2.7291737831254124,1,0,329.55029291568115,5.75173766229038
51,29,17,60,203.12345400643298,3.5451730604355225,1,0,10.013295217984707,0.17476497052803644
57,43,46,60,296.3783565648108,5.1727781537057,1,0,98.8437463286137,1.725148818440366
62,31,22,62,188.4961969749402,3.289879264700482,2,0,0.0,0.0
62,31,22,62,188.4961969749402,3.289879264700482,2,1,358.3155538322965,6.253786175480559
53,58,32,69,177.20363346566697,3.092786850473099,1,0,343.1298683255806,5.988745964215984
73,28,43,43,91.08948273129116,1.5898113875995479,1,0,291.5319516171642,5.088192430484323
65,31,34,62,103.6192675865781,1.8084973878908264,1,0,298.4889207274298,5.209614447417997
52,30,27,39,243.5341498274176,4.250472755533617,1,0,43.15708155161552,0.753233168627394
43,43,17,66,136.1162771234823,2.375677201361802,1,0,315.8156678600738,5.512023233543122
69,52,47,46,249.2475502155891,4.350190403791932,1,0,38.74826047617848,0.6762847247297002
81,60,28,52,76.44023074328085,1.3341337074544433,1,0,280.8678262234513,4.902068330518496
61,54,31,68,172.27021317102813,3.006682422946942,1,0,341.2534349200064,5.955996023094303
43,39,24,48,10.023806727868823,0.1749484309848702,1,0,209.54363217363303,3.6572263080178185
51,59,35,38,153.5034084485841,2.6791398904614736,1,0,326.27636839046033,5.694596899863484
77,51,42,38,238.97681094698106,4.170932186940847,1,0,29.15631412937967,0.5088736793034192
55,29,44,51,320.5383555078958,5.5944496825408825,1,0,133.65559193678388,2.3327301429988636
69,47,39,57,24.98187092550602,0.4360159009583231,1,0,235.37756236000658,4.108113448500389
55,64,33,60,122.74508571680097,2.142305886400841,1,0,305.4265136845081,5.330698286682184
53,49,21,58,189.16931064812152,3.301627314537689,1,0,353.9958719343328,6.178393503722296
57,63,40,68,243.48998443418068,4.249701924006195,1,0,32.94048931693675,0.5749199957985642
77,47,33,39,91.30879998505378,1.5936391957841376,1,0,290.8599422626937,5.076463654644611
57,32,19,57,228.13617591559046,3.9817274126360425,1,0,28.5383893910828,0.4980888580906145
55,66,46,50,262.36009960223305,4.579047563919232,1,0,51.733504559416644,0.9029199881573189
57,44,38,50,45.85301044123718,0.8002860041509268,1,0,250.36997349109905,4.3697803855506
73,42,32,41,37.23628134977402,0.6498957107525148,1,0,247.63413500157384,4.322030996105597
64,67,29,51,320.83202630289685,5.5995752048306,1,0,149.79423478403785,2.6144025974868774
72,62,32,64,91.6132793825737,1.5989533637753488,1,0,288.6619759593779,5.038101905803861
64,59,28,56,203.66818222078413,3.5546803613044595,1,0,1.9269187103927004,0.0336310759146357
50,56,21,61,138.25534982079617,2.4130110628694452,1,0,316.22540682144574,5.519174527492765
43,32,42,61,140.36390866478902,2.449812357169166,1,0,321.0944670873501,5.604155660610826
42,47,38,68,63.68290229663421,1.1114763223021256,1,0,260.91914229230025,4.553898114480225
65,38,44,62,23.692233848607533,0.4135074878106492,1,0,230.46264207793854,4.0223319071052535
61,30,16,37,144.97333955804166,2.530262102899568,1,0,327.54922240350794,5.716812393288388
70,47,21,44,113.4861964738023,1.9807077840330287,1,0,304.3915842616981,5.312635360728384
74,30,20,63,43.04231919074032,0.7512301875727598,1,0,251.90900793164442,4.396641603839706
61,47,24,40,153.33757504809822,2.676245551613216,1,0,329.85807674741716,5.757109503538577
60,65,42,49,242.53262407517633,4.232992833613494,1,0,30.88229063893956,0.5389976522073187
63,55,37,55,81.37195084391475,1.4202084609972907,1,0,279.9449970606736,4.8859619231946025
49,53,41,59,210.80294236558868,3.6792054171713664,1,0,9.376663246817525,0.16365364650770753
69,36,35,55,299.670186027691,5.230231416247115,1,0,96.73336993175126,1.6883158018587419
53,42,46,50,17.313231748332758,0.3021728981692209,1,0,221.07539054049317,3.8584934600639325
68,38,34,42,90.83229374508734,1.585322592990425,1,0,289.12714685044637,5.046220669437442
79,55,16,44,209.92687887585006,3.663915224818916,1,0,7.015125456037025,0.12243703664831482
48,38,19,61,252.1554476963414,4.400942789141508,1,0,50.38139255884334,0.8793211818915873
79,39,39,52,20.47730319995276,0.3573963627683464,1,0,231.9979762148135,4.049128542911987
66,31,26,68,272.2513649120763,4.751682710764294,1,0,66.03063031895526,1.1524519062329628
52,55,38,59,114.47371848252058,1.997943294521071,1,0,300.3958568578689,5.2428967615194
67,52,44,55,27.620217667038684,0.4820637384073319,1,0,238.35289643997456,4.160042824542627
55,41,45,64,359.1897800436722,6.269044301276302,1,0,199.37010189970394,3.4796647081864354
57,57,44,51,162.75117485209176,2.8405438626579964,1,0,333.7269528000226,5.824634129008104
66,65,38,61,338.58142303658497,5.909360618076184,1,0,183.10066631153975,3.19570948973183
63,44,33,46,171.86982821292733,2.9996943871526236,1,0,343.4327053284918,5.994031467013656
48,65,42,69,45.65664811815077,0.7968588350862039,1,0,249.80105324676444,4.35985085410571
75,31,32,40,75.17913677805238,1.3121234655841756,1,0,279.7668479233683,4.882852634189037
67,31,16,43,214.2827037789846,3.7399387110189766,1,0,16.942034356178247,0.2956942815013081
50,62,23,60,289.0842773494754,5.045472455496812,1,0,92.40686179308908,1.6128039897247555
68,59,29,54,61.95097168294552,1.081248430677172,1,0,267.31737651092635,4.6655683679090165
70,43,46,40,221.18400267527656,3.8603890994235224,1,0,18.679664032549432,0.3260216405343488
80,53,19,66,28.867232452360785,0.5038282522322528,1,0,244.0715249560441,4.259851720846478
52,29,27,66,129.5258736763078,2.260652962173823,1,0,315.13528981475605,5.500148396494044
67,34,16,62,349.5384898576627,6.100597510465019,1,0,182.4286273542713,3.183980197225826
47,33,23,60,145.95221705009578,2.547346738109577,1,0,325.6873314792507,5.684316266347099
78,45,46,66,242.0102474259101,4.223875641148263,1,0,32.93731360406609,0.5748645691528732
74,37,27,66,7.943813525624703,0.13864570118661002,1,0,213.77524707014612,3.731081920638411
50,48,27,65,100.9205109185085,1.76139519832286,1,0,291.15266706319983,5.081572666215687
56,29,33,39,68.1421125297634,1.1893042229088537,1,0,268.2922348952343,4.682582856455862
59,65,48,67,295.3755304128989,5.155275535529732,1,0,97.9290763612831,1.709184815941338
45,45,19,65,24.519248900468114,0.42794162342916797,1,0,227.18864818541564,3.9651899339905436
43,33,40,57,149.09078455763984,2.602125074912333,1,0,327.46140000995354,5.715279603363881
57,58,29,64,149.4449782324996,2.608306920728374,1,0,324.52442651037705,5.6640197457524515
50,49,47,41,217.56935509731758,3.7973015978888998,1,0,15.931366966553494,0.2780548079098198
73,37,30,43,159.06013372870365,2.7761230422283636,1,0,337.092069637544,5.883366497537151
44,46,25,64,87.89817913781508,1.5341126324626637,1,0,280.200954928957,4.890429230742534
76,33,27,49,342.8695101587917,5.984201856971061,1,0,169.18695680779817,2.9528694477255133
44,35,23,56,170.7965617034646,2.980962352811112,1,0,343.4718082773675,5.994713942218775
62,30,23,59,187.36178549950293,3.270080049381695,2,0,0.0,0.0
62,30,23,59,187.36178549950293,3.270080049381695,2,1,357.75191528986994,6.243948827124075
44,36,29,49,40.874631237463205,0.7133968956322572,1,0,240.70983029371027,4.201179080542033
48,42,22,58,194.8572399390041,3.4009004082842162,2,0,0.0,0.0
48,42,22,58,194.8572399390041,3.4009004082842162,2,1,0.08502222039820681,0.001483917683304993
78,28,25,52,303.1795355941372,5.291481120785036,1,0,96.37384084733037,1.6820408355789167
66,39,40,53,286.73438015864906,5.004459012433527,1,0,81.16867594788361,1.4166606447748984
55,63,38,42,246.3531296131241,4.29967323434136,1,0,36.03168353625641,0.628871512744308
66,45,28,50,102.92419215763286,1.79636603310602,1,0,296.5637526474945,5.176013925768829
69,54,47,45,149.55948021315226,2.6103053572908177,1,0,326.9227782789328,5.705878880734779
61,55,48,40,63.74961194302434,1.1126406252744745,1,0,266.62272999219016,4.653444499019553
75,30,41,44,197.95110421118332,3.4548985264435617,1,0,5.1370684703792895,0.0896587587085074
65,66,45,49,61.0214730717811,1.0650256195196384,1,0,265.9374054719066,4.641483329695954
61,45,33,38,211.57092658351655,3.6926092703775613,1,0,11.602227005285124,0.20249706180602695
53,40,26,55,357.30526325830965,6.236153278562626,1,0,196.0849134312639,3.422327352863607
67,41,39,37,147.4822329453069,2.5740505530888593,1,0,327.82204230824334,5.721573998890998
63,50,34,54,291.76855819756776,5.09232199434425,1,0,88.99642809141724,1.553280692709604
69,55,48,55,187.87835813685953,3.279095942729278,1,0,352.06873126160525,6.144758553834101
78,53,31,49,222.69970407381805,3.886843079305154,1,0,16.466094913901436,0.2873875711934723
63,43,43,44,57.14523481475143,0.9973724993427043,1,0,261.69362552420296,4.567415396878413
63,48,41,57,356.95179929785917,6.229984168665625,1,0,201.07917464106487,3.509493654679269
42,33,38,59,174.16891434983302,3.039821010028585,1,0,346.4285398768115,6.046318643726831
64,59,45,49,213.7610274996428,3.7308337423149087,1,0,9.231157330661528,0.16111408918965456
64,42,48,57,169.82634150663807,2.9640288159071417,1,0,342.5555191866263,5.978721680685237
64,54,33,60,267.21770121082324,4.663828705739304,1,0,56.98132135201393,0.9945116697295899
81,34,35,63,94.01847570390969,1.6409319587395175,1,0,294.98976801542864,5.148542711563488
50,58,36,62,184.74302962153294,3.2243741370051633,1,0,348.3129922092497,6.079208541524766
54,50,35,64,215.74774332229993,3.7655084747217433,1,0,13.868975524402556,0.24205928677933178
43,52,21,47,102.82535588240751,1.7946410146829304,1,0,290.50775535251876,5.070316833479632
79,33,26,50,37.683349392792,0.6576985200836264,1,0,248.92706236988388,4.344596835671752
44,62,48,60,11.135117301683772,0.19434445951016854,1,0,218.52630383833807,3.8140035041925215
65,62,16,61,8.123224213925004,0.14177700841071952,1,0,220.9420000029577,3.856165355992933
75,52,31,65,291.6579923854929,5.090392256883401,1,0,82.07753107699389,1.4325231592015109
60,52,31,45,205.96426693999427,3.594754599559406,1,0,5.5483051962258445,0.09683619357965105
60,60,31,54,110.3095617663731,1.9252650492552623,1,0,298.63885798037154,5.212231346153227
47,48,21,68,299.35468308155964,5.22472485103738,1,0,109.47649515005202,1.9107252939120112
80,58,25,66,257.3638322728729,4.491846248712074,1,0,41.58048401448542,0.7257163506256401
59,51,24,67,4.990368928629643,0.08709836869380917,1,0,211.80710402185989,3.6967313442955785
81,36,24,62,335.79105806171276,5.860659561932336,1,0,155.50497843079876,2.7140738768602035
57,42,20,41,203.25263001604685,3.5474276071178727,1,0,6.329937340141953,0.1104782480304093
59,29,44,49,6.820345214767647,0.11903748012033522,1,0,204.8699866302943,3.5756558052153986
51,58,23,39,17.719529234674177,0.30926412704845535,1,0,225.5470427421683,3.9365385139872164
50,57,26,49,75.40407702342398,1.3160494134861538,1,0,272.2253740182886,4.751229084092163
54,39,25,45,273.60199618635545,4.7752556734808715,1,0,70.85308041457752,1.2366195384146865
43,50,36,59,138.93822393729386,2.424929464578977,1,0,316.58701232286035,5.525485734085774
67,32,46,61,54.6790220411869,0.9543289663892618,1,0,260.3288687049487,4.543595896893382
61,44,17,61,262.5515281717942,4.582388622740457,1,0,55.43966244545126,0.9676046458673757
80,55,21,39,112.38830516488659,1.9615459658634196,1,0,304.5358702230781,5.315153625818871
59,38,35,41,83.60088872448353,1.4591107658356401,1,0,281.36877409192476,4.910811520204205
60,43,39,40,286.2208863382072,4.995496854578172,1,0,83.12938279512232,1.4508814349256114
